"gender","age","rating","kuchikomi"
"男性","20代",4,"今回は4年ぶり、2度目の宿泊でした。スタッフさんの対応、料理の質等完璧でしたが、部屋に虫がいたのがとても残念でした。"
"男性","50代",5,"車で行きましたが、強羅公園や強羅駅に近いので、強羅の観光には適していると思います。全て満足でした。食事が美味しかったです。"
"女性","20代",5,"和洋室を利用したのですが、とても綺麗な部屋でした。ベランダの露天風呂も2人でゆったりと入れる大きさで、山の景色を見ながら入浴するのは最高でした。ご飯は、夕食、朝食共に大変美味しかったです。緊急事態宣言が出ていたため、夜鳴きそばのサービスはなかったのですが、代わりにカップ麺とかまぼこのサービスがあり嬉しかったです。電波が悪かったことだけ少し困りました。"
"男性","20代",5,"お一人様プランを使わせていただきました。ダブルベットにでーんとゆっくりできましたね。１人旅は広い部屋過ぎても弄んでしまうので、ちょうどいい感じでした。空いてる時間は大浴場に、混んでそうなとき(他人との接触は嫌だなーってとき)は部屋の露天風呂と使い分けさせていただきました。普段からガヤガヤしている都内にいる身としては非常に解放された時間を過ごせました！2泊したため、風月(肉！しゃぶしゃぶ！寿司)、花月(肉！すき焼き！炊き込みご飯)と２種類の夕食を満腹れました！観光も徒歩でスタート→強羅公園→箱根美術館→そのまま電車で大涌谷→芦ノ湖とアクセスがよかったです！チェックアウト後、隣駅！箱根彫刻の森美術館の開館に合わせて行くと空いていて！良し！！やや高値でもアクセスの良さに払う価値ありと納得できます！"
"女性","20代",5,"今回友達と利用させて頂きました。ずっと泊まってみたかった宿なのでとまて嬉しかったです！お部屋は清潔感があり、充分な広さです。また露天風呂もついておりゆったりと入ることができました！友だちがアレルギーが多くご迷惑をお掛けしました。丁寧な対応でお心遣い頂きありがとうございました！夕食もとてもおいしかったです。コロナ禍ということもあり心配もしていたのですが消毒もされていて安心して泊まることができました。ありがとうございました！"
"男性","20代",4,"彼女との旅行で利用しました。ハイクラスの宿ということで期待が高かったですが、結果としてちょっと期待はずれでした。部屋の綺麗さや食事のボリュームと美味しさ、貸切露天風呂にはとても満足できましたが、大浴場の（室内、露天の湯船含む）清潔さや中庭（？）のエクステリアの古めかしさというか草木の手入れの足りなさがちょっと気になりました。建物全体的にもっと非日常感があればよかったです。"
"男性","20代",5,"コロナ禍ですが、彼女とお付き合いして1年の記念日として利用させていただきました。大浴場はこのご時世に利用するのも気を使うので、客室露天が付いているホテルを探していて、雪月花に目が止まりました。部屋の雰囲気はとても落ち着きがあり、入った瞬間に彼女と共にワーッと言ってしまいました。客室露天に関しては、部屋によっては外から少し見えてしまうので、やや気を使う部分があります。それでも非日常を味わえて楽しかったです。また箱根方面に旅行に行く際は、雪月花さんにお世話になりたいと思うほど楽しい旅行になりました。"
"男性","20代",5,"一泊の旅行で利用しました。コロナの自粛期間ではありましたが、チェックインから感染対策はきちんとしていただいてました。全体的に満足ですが、特に部屋付き露天風呂は長い時間利用しました。一部クチコミに客室露天風呂に蜘蛛の巣があったり…とマイナスな点もありましたが、そこは自然の中の設備なので仕方ないとは思います。私の部屋はそんなことはありませんでした。貸切露天風呂は3つあり、予約なしで入れました。人気なので空いてる時間を探るのが難しく、私は予約式のほうが良いかとはおもいました。チェックアウトが11時でゆっくりできるので、スタッフの方に教えてもらい朝食を早めに取りその後利用しました。ご飯は夕飯、朝食どちらも美味しくお腹いっぱいになりました。お酒を飲めず残念でしたが、この時期なのでそこは事前に連絡もありましたし当然かと思っています。スタッフは皆さんとても丁寧な対応で、清掃の恐らく外国人の方にとても気持ち良い挨拶をしていただき利用して良かったなと思いました。今回利用できてとても満足でした。"
"男性","20代",5,"今回が2回目の利用でした。なんと言っても風情のある和の空間と室内露天風呂が最高です。貸切露天風呂や岩盤浴などもあり旅館内でゆったりと一日過ごすのがお気に入りです。また行きたいです！"
"女性","20代",5,"今回初めて利用しましたがとても素敵なお宿で最高な旅行になりました！お部屋も綺麗でしたし、食事もとてもおいしかったです。浴衣の種類がいっぱいあって選ぶのも楽しかったです！お風呂出た後にヤクルトがあったりアイスがあったりとサービスが素敵でした！また利用させて頂きたいです！！"
"女性","20代",4,"彼の誕生日のサプライズという事ではじめて旅館に泊まりましたがとても風情があって綺麗な旅館で雪月花さんに決めてよかったなと思いました。残念なことに生憎の雨ではあったのですがサービスがとても良くてコロナ禍ではありましたがとても安心して宿泊することができました。また是非利用したいです。"
"女性","40代",3,"直前の予約で最後の一室だったからかも知れませんが、正直がっかりしました。部屋は広かったのですが、一番楽しみにしていたテラスの露天風呂がカビだらけで大きなクモの巣もありました。シャワーブースのガラス戸の下半分は水垢で真っ白。建物が古くてもきちんと掃除されていればここまでにはならないのではと思いました。また、浴槽に入れば目隠し出来るようになっていますが、シャワーブースは外から丸見え。少し配慮が欲しいとも思いました。岩盤浴を利用させていただきましたが、置いてあるバスタオル1枚だけでは長さが足りず、足を伸ばせません。タオルはもう少し多めに欲しいです。接客は普通。とても丁寧な方もいれば、機械的な対応だなと感じる方もいて、ムラがあった気がします。とはいえ、タイトルにもある通り、食事は予想以上で大満足です。何を食べても美味しく、量も食べきれないほどでした。好みに合わせて2コースから選べるのもいいですね。トップシーズンにこの価格、この内容で宿泊できたことを考えればお得なのでしょうが、残念なポイントがいくつもあり、もう一度こちらに宿泊したいかは正直微妙です。コロナ禍で大変なことは承知していますが、掃除は丁寧にして欲しいです。"
"男性","20代",5,"お部屋におるお風呂がとても良かったです。貸切風呂は激戦の様でしたので、部屋にあるお風呂で十分と感じました！お風呂上がりのアイスもごちそうさまでした。"
"女性","40代",4,"コロナ禍の中、受け入れていただき、ありがとうございます。大きなお宿だったからか、受付のときはかなり混雑していました。お部屋はゆったりとした広さで清潔感もあり、とても過ごしやすかったです。部屋のお風呂が温泉だったら満点なんですが…大浴場はとても広く、種類もいくつかあったので、ほかの人を気にすることなく、楽しめました。食事は、時間が決まっていたせいか、ちょっと急かされているような感じがしました。食事の内容はとても美味しく、満足しました。…が、小学生が2名いたのですが、大人と同じ料理で。下の子には内容が合わず、食べれるものが限られてしまいました。帰り、自動精算機での会計で、ちょっとさみしい帰りでした。"
"男性","50代",5,"コロナ禍ですが、神奈川県内なので、癒しを求めて行きました。貸切風呂、夕食が最高でした。夜鳴きそばは中止で残念でしたが、夜、カップ麺とかまぼこを部屋で頂きました。気になったのはトイレのスリッパ、ドアが引き戸ではなく、スリッパをトイレの外のドアに置くのが面倒に思いました。"
"男性","20代",5,"清潔感があり、とても楽しく過ごせました夜ご飯も多く、食べきれるか不安になりました笑とても満足でした"
"女性","20代",5,"外観も綺麗で部屋もロビーも綺麗部屋の中にある露天風呂もオシャレで全然しょぼくない夕食のしゃぶしゃぶはもうほんとに柔らかくて油が甘くてこんなに美味しいお肉は初めて食べました！コースのお寿司も自分の好きなネタ5つ選べて満足でしかない部屋におやつや抹茶が用意されてるので部屋での時間もとっても楽しかったです！もうほんとにダメなところがなかったです朝食も品数がしっかりあってとても美味しかったです！"
"女性","60代",4,"コロナ禍で遠出が出来ない為　地元神奈川県で温泉に入ってゆっくりしようと思い宿泊しました。強羅駅から近く大変便利です。早めにチェックインして何度も温泉に入ってのんびり出来ました。夕食は風月で国産牛のしゃぶしゃぶ.お寿司がメインのコースと特典で1人1つ国産牛の陶板焼とお刺身盛り合わせをお願いしましたがどれも美味しくボリュームがありお腹がはち切れそうでした。感染症対策をしっかりしているし、それぞれのテーブルも少し離れているので安心して夕食、朝食をゆっくりとることができました。人気の宿なので、普段なら中々予約が取れないと思いますがまた利用したいと思います。"
"女性","20代",2,"お部屋やお料理、接客などはとても良かったです。ただ、貸切露天風呂ですが、露天風呂に行く道の前に使用中かどうか分かる表示があるだけで、露天風呂の小屋の前には表示が何もありません。また、露天風呂の小屋の鍵が、強く捻れば開いてしまう簡単なものだったみたいで、小屋の前に使用中か分かる表示をするか、鍵を強固なものに変更するなどの変更があれば、安心して入れるかなと思います。"
"男性","30代",5,"今回荷物があったので12時前にはチェックインの手続きを済ませに行かせていただきましたがちょうどチェックアウトの方々と被ってしまいました。それなのにも関わらずチェックインの対応をしてくださりました。17時頃ホテルに戻って来てフロントで荷物番号を渡すと部屋にもう置いておいてくれているということでサービスはとても良く感じました。晩御飯の際も、食べるスピードが遅かったので持って来ようとされたのにまだ食べていることを確認すると時間を置いてから再度持って来てくださったりこちらとしてはありがたかったです。お風呂も炭酸泉、大浴場ともにすごく気持ちよく、ぐっすり眠る事が出来ました。部屋の露天風呂も綺麗に清掃されていて利用させていただきました。朝ご飯は量がとても多く、時間を掛けて食べてしまい申し訳ありませんでした。チェックアウトの際は外で記念撮影をしてくださったり評価としては最高評価です。今回の利用が初めてではなく家族旅行等で利用させていただいていて印象が良かったので今回も選ばさせていただきました。やっぱりここにしてよかったと思える場所でした。また利用させていただきます。ありがとうございました。"
"女性","40代",4,"夏の箱根を満喫したいと、普段より奮発して初めて露天風呂付きのお部屋を利用させて頂きました。好きな時間で快適に入浴でき満足です。他にも貸切風呂があり、予約はなく空いていれば使用可能とのことで運良く入れました。プライベート感があって良かったです。40分程度の入浴時間が目安としてありましたが、充分でした。食事は一つ一つが美しく、特に牛の陶板焼が最高に美味しかったです。"
"女性","50代",4,"温泉後のアイスキャンディーや乳酸飲料が無料で大浴場の出た場所にあるのが素晴らしいアイディアと嬉しいなと思う。貸切風呂が空いてるかどうかの確認のランプがわかりやすいし行って確認をしないで済むのが楽で良かった。"
"男性","20代",5,"彼女とちょっといい旅館に泊まろうとのことで選ばせていただきました。部屋は外風呂付きで綺麗でとても気に入りました。夕食・朝食共にとても美味しく、接客も笑顔で向き合っていただきとても心地よかったです。周辺には多くの旅館がありましたが、周りの知人にも是非紹介したいと思える場所でした。楽しい時間をありがとうございました。"
"男性","70代",4,"コロナの為旅行を我慢していたがワクチンを2回接種したので思い切つて箱根へ、今回の目的は温泉と食事。口コミをみて雪月花さんへ、夕食と接客はすばらしかつた。チョツト残念だつたのは部屋、和洋室となつていたがベツトは高さ40センチの台座の上に乗つており夜中にトイレに行くとき台座にい1回降りてそれから下に降りることになり年寄りには危ない。あとトイレの扉内開きの為開けるとスリツパが便座の方に追いやられスリツパの役をしてない。部屋につぃてる露天風呂には入らなかつたが、そこからみた景色はすばらしかつた。"
"男性","20代",5,"貸切風呂に入れて良かったです。朝からほんとんど埋まっていますが運良く入れました。夕食の懐石料理が少し多く感じた気がしますが満足です。"
"女性","20代",5,"夕飯も朝食も見た目の華やかさが素晴らしかったです。コース料理の量が食べきれないほど多かったです。どれも美味しく頂けました。サプライズのケーキもスムーズに持ってきていただいて、彼にとても喜んでもらえました。スタッフの接客態度も良くて、貸し切り風呂と部屋のお風呂も最高でした。駅からも近くて絶対また行きたいと思っています。ありがとうございました！"
"女性","40代",4,"とにかく部屋が広くて感動。また各部屋に露天風呂がついているのもいい。お風呂に向かう途中のお庭も素敵でアイスや乳酸飲料のサービスも嬉しい。ホテルスタッフの対応も素晴らしい。"
"女性","50代",5,"箱根登山鉄道に乗り、駅から徒歩で宿に着き、ゆったりお風呂を満喫し、地元の旬な食材を堪能しました。丁寧なおもてなしサービス、良いお宿でした。"
"女性","20代",5,"明るく親切なスタッフの方々が多く、本当に快適に過ごすことができました！思ってもなかったサービスもいくつかして頂き、驚き嬉しかったです(流石に申し訳ないと思い、お気持ちだけ有難く頂いたものもありました)温泉も貸切3つとも入れ、部屋風呂も堪能でき、夜ごはんも朝ごはんもとても美味しく量も満足でした！(朝ごはんのお米が本当に美味しくて、なんでか気になりました笑)ケーキとスパークリング(彼への誕生日サプライズで)、また手もみも別途お願いしましたがそれらに関してもとてもよかったです！また次回彼と箱根に来る際は、再度雪月花さんか、今度は別邸の翠雲さんにお邪魔したいと思います！本当にお世話になりました！ありがとうございました！"
"女性","40代",3,"お風呂も料理も部屋も好きで年に1回は必ず旦那と二人で宿泊させていただいてます。今回妊娠し、二人だけの旅行は最後となりとても楽しみにしておりました。部屋へつき、テーブルにお菓子が置いてありましたが、全体的にほこりがあり自分で拭きました。炭酸風呂が14:00からで一番風呂を狙って14:00ぴったりにお風呂につき誰も入っていなかったので喜んでいたのもつかの間、、髪の毛が何本も浮かんでおり、気持ち悪くてすぐでました。去年、一昨年はとってもきれいでした。料理の配膳を担当してくれた外国の方はとても感じが良く気持ち良く食事ができました。"
"男性","30代",3,"毎年恒例となってきた、小田原城址公園の紫陽花まつりを満喫するために利用する宿を検索。すると、いつも気になってはいたがまだ利用することがなかったなぁと思い出し、こちらの宿をチョイス。強羅駅からすぐの場所にあり、公共交通機関を利用する方にもオススメ。入館する際のおもてなしも流石に人気の宿。とてもスムーズに案内していただき、お部屋へ。部屋の中はとても広く、入った瞬間畳のいい香りが。各部屋にある露天風呂も狭すぎず、とても良い感じ。で、夕食へ。こちらの系列は食事が美味しいのは勿論ですが、量もかなり多いので、これから利用するのを考えている方はお腹をある程度は空かした状態でくることをオススメします。味は文句なしで星３つ！で、唯一問題があったのが寝具。今回３名での利用だったので、布団を敷いてとのことで用意したのですが、まず一番下に敷くマットレスが異様に汚い。。。複数の髪の毛やホコリが付着していて、衛生面としては自分的にアウトでした。朝食は文句なしで、星３つ。せっかくの人気宿、これからの事も考えて厳しい評価とさせてもらいました。いずれまた利用するかと思うので、改善してもらえるとこれから利用する方もより喜んでもらえるかと。"
"男性","20代",5,"とてもいいお部屋、露天風呂でした！初めて露天風呂付きのお部屋に泊まりましたがこんなに素晴らしいものかと感動です！そして貸切の露天風呂も3つとも雰囲気がよく、露天風呂に向かう小道も楽しめます！料理の方も最高でした！夜鳴き蕎麦最高！笑またお金が溜まったら行きたいです！笑"
"女性","60代",5,"自分は出汁を含め魚介類全般のアレルギーがある為に和食を提供されるお宿では宿泊を断られる事も多々ありますが、こちらは『品数が少し減っても良ければ…』と仰って頂き、ご対応下さいました。夕食も朝食も担当スタッフ様は違えども、アレルギー対応の事をシッカリ認識下さっていて、代替メニューもご用意下さりお腹一杯頂く事が出来ました。少しだけ我儘を言わせて頂くならば、朝食に温泉卵をご提供下さる時に『出汁は使わずにお出しします』と仰って下さったのですが、元来温泉卵が苦手だった為に供出をお断り致しました。その後焼き魚の代替(?)として陶板焼きの目玉焼き(卵2個)を供出下さいましたが、もし温泉玉子を頂いていたら卵3個分か!!と思いました。卵はコレステロール値も高い食材の為に、個数は2個分で良いと思いました(本当に我儘ですみません)。逆にお味噌汁の代替(?)に湯豆腐をご提供下さいましたが、こちらは大変嬉しかったです。ポン酢等も白ポン酢をご用意下さり、それをベースに醤油や塩で調整させて頂きました。連れの夫は好き嫌い無く何でも頂きましたが、全体的にお料理の味付けが濃かったそうで、年配にはしんどい…と申しておりました。味は引き算が出来ない為に、少し薄めに調味しておき、お客個々に後からお好みで調整出来る様な供出方法だと嬉しかった…との事でした。こちらも我儘で大変すみません。しかしながらスタッフ様方がそのつどお料理の内容をご説明下さる為に、安心して頂く事が出来ました。お部屋の清掃には問題点はありませんでしたが、襖等についたシミはやはり目立つ為に少し残念でした。築年数も経っているので仕方ない部分ではありますが…。またシャワーヘッドの高さ調整をしたいと思ってもホルダーが上下動かず、高い位置で固定されたままの状態での使用を余儀なくされたのも少し残念…と言う訳で☆4つです。ですが、本当に配慮の行き届いたスタッフ皆様のお陰でこの様なご時勢の中、束の間の安らぎを得られました。本当に有難うございました。"
"女性","20代",5,"恋人のお誕生日旅行にご利用させて頂きました！サービスや対応も良く、お部屋も快適でとてもいい誕生日旅行になりました。恋人もとても満足してました！ありがとうございました。"
"女性","60代",5,"コロナ禍で遠出できないため、県内のこちらの温泉へ宿泊。3年ぶり4回目の雪月花さんです。以前と比べてスタッフの方の、対応が変わったように思います。料理を説明する時は笑顔でした。料理も、美味しかったですし、量もちょうどよかったです。また何かあるとすぐに対応してくれました。お客様を大事にしてくれる気持ちが伝わってきました。ありがとうございました。ＧＷで混雑も覚悟していたのですが、早めのチェックインで、露天風呂も大浴場も、ゆったり過ごすことができました。心も体も癒されました。この時期だからかもしれませんが、お風呂のアメニティや、部屋菓子も以前と比べて少なくなりました。お部屋に、アルコールのウェットティッシュや、エレベーター前にアルコール消毒液があり、感染対策はきちんとされてました。また箱根に来た時は、こちらを利用したいと思います。"
"男性","20代",5,"GW中にカップルで利用させていただきました。事前に色々と宿を検討していましたが、雰囲気と料金のコスパに惹かれて李の湯さんの宿に決定。結論から申しますと、とても満足できました。ホテルは強羅駅よりほど近く、正面の入り口まで向かう際には箱根らしい雰囲気が漂っています。フロントの方もとても丁寧に説明して下さり、無料の浴衣もバリエーションが豊富で楽しめました。お部屋も清潔感があります。色んな部屋がある様子で強いて言えばもう少し広めの部屋だったら良かったなと思いました。（ちなみに洋室です）それでも、客室に露天のお風呂がありましたのでとても満足できるお部屋です。皆さんのコメントでも見受けられますが、夕食のボリュームが結構あります。味は冗談抜きでどれも美味しかったですし、席もテーブル席で広く、2人で楽しく食事をすることができました。温泉は貸切露天風呂が3つほどあり、私たちが行った際には使用中だったため、残念ながら入ることはできませんでした。それでも、大浴場の雰囲気は良かったです。古民家風な温泉で、外の露天風呂は風情があってとても良いと思います。またスタッフさんの接客も素晴らしく、早朝、すれ違う度に挨拶をいただきました。最後には、お見送りの際に写真まで撮っていただき、最初から最後まで満足の行く旅行になりました。初めての箱根旅行を検討している方、もしくは、まだ李の湯さんへ行ったことがない方にはとてもオススメです。また箱根に行ったら利用したい、そんな素敵な宿でした。"
"女性","50代",4,"客室露天風呂やシャワーブースは古いし清潔感がなかった。チェックインに時間がかかりすぎる。貸切露天風呂へ行くまでの道が長過ぎもっと歩き易くして欲しい。食事はとても美味しかった。"
"男性","60代",4,"結婚記念日で宿泊、スタッフは何時でも気持ちよく対応して頂きましたした。来年の結婚記念日も行きます。よろしくお願いします。"
"男性","20代",5,"お宿の雰囲気がとても良く、時間の流れがゆっくりに感じました。食事スタッフは忙しいそうでしたが、対応の際は丁寧な接客をしてもらえました。"
"男性","30代",4,"ご飯は朝も夜も美味しく、量も少し多めで嬉しかった！お風呂も気持ちよく使うことができました。個室風呂はもう少し清潔感があると嬉しいです。"
"女性","40代",5,"彼氏の誕生日に利用しました。部屋に露天風呂が付いていて、貸し切りお風呂も3種類あり大浴場も広くて綺麗で最高でした！従業員の方々も気配りが凄く良かったです。食事も目で楽しみ食べて幸せになるくらい美味しかったです。ケーキ、シャンパンも用意してもらい彼氏にサプライズ誕生日祝いが出来、喜んでもらえて良かったです。まだ行きたくなる旅館です！"
"女性","20代",4,"お部屋に露天風呂があり、貸切風呂３種類も無料で入れて最高でした！夕飯も２種類を選択可能でしゃぶしゃぶお寿司プランにしましたが美味しかったです！　朝食は夕食と比較すると少し残念に感じてしまいました。最後も写真のお手伝いをして下さりとても良い記念になりました！！また箱根にきたら宿泊したいとおもいます！！"
"女性","20代",5,"学生最後の思い出になればと思い、自分にしては少し奮発してこの宿を選びました。浴衣の貸し出しや、お夕食、お風呂の設備など、とっても満足して楽しい思い出を作ることができました。夕食の時にはテーブルに担当の宿の人がついてくれて、丁寧に心地よく接してくれました。男女2名で行くとお風呂が別になってしまうのが普段残念ですが、こちらのお宿は貸切露天風呂が無料でしたので、大浴場利用後に利用させていただきました。""満天""というお風呂に入りました。空に星が見え、とってもきもちよかったのですが、時間ギリギリだったこともあり、足拭きタオルが雑に置かれていました。さほど気にはならなかったですが、もしタオル返却時に使用済みタオルを見えないようにする工夫があったらより気持ち良く入れるかなと思いました。お布団もふかふかでぐっすり眠れましたし、朝ごはんは多過ぎるくらいボリュームたっぷりで驚きました。チェックアウトを終えて宿を出る際は、宿の方が「写真を撮りましょうか？」とお宿の前で写真を撮ってくださいました。いい写真を撮っていただいてうれしかったです。ぜひまた利用したいと思います。ありがとうございました！"
"男性","50代",5,"家族3人で利用させて頂きました。お出迎えの時から、接客は素晴らしく、チェックアウトの最後まで、不快と思われることは一切無く、どのスタッフにもホテルの教育が行き届いていることが感じられました。選んだコースの夕食はどれも美味しくいただくことができ、またとてもボリュームがあり、お腹いっぱいになりました。天候には恵まれませんでしたが、食事とお風呂と気持ちの良い接客で心も身体もリフレッシュすることが出来ました。夕食のコースはもう1つあったので、次回は連泊したいと思います。きっと箱根（強羅）には、もっと高級なホテル（旅館）も在るのかも知れませんが、コストパフォーマンスは充分満足できる宿泊施設でした。"
"女性","20代",5,"貸切露天風呂が3つも楽しめて、客室露天風呂もあり、大満足です。また料理もとても美味しく、サービスも素敵でした。"
"男性","50代",5,"以前より気になっていたところようやくタイミングが合いましたので利用させていただきました。お風呂なんですが客室露天風呂ばかり気にしてましたが大浴場や無料貸切り風呂、炭酸泉風呂などお風呂三昧させていただきました。とても風情があり特別な時間となりました。食事も美味しくもう少し、お酒もいただけば良かったと後悔しています。スタッフさんも親切丁寧な対応に感謝しています。今度は家族連れで再訪したいと思います。"
"女性","20代",4,"ご飯もおいしくて温泉も気持ちよかったです。部屋についてる露天風呂はカップルでいくなら絶対おすすめします！"
"女性","50代",5,"共立リゾートさんでは水の音に行った事があり今回は強羅に行きたくこちらの雪月花さんに予約しました。強羅駅からすぐで和風の素敵な入り口から気分があがりました。お部屋もすごく素敵で露天風呂付きも嬉しい！夕食がとにかく素晴らしく美味しかったです。子供と2人でビールを飲みながらの至福の時間。フグ鍋とフグの唐揚げ、桜海老の釜飯、豚味噌焼き、前菜、お刺身と全て完璧でした。お風呂も露天風呂や大浴場、お湯も良く日頃の疲れが取れ本当に癒されました。湯上がりのヤクルトや夜鳴きそばのラーメンもサービス満点で嬉しかった。又リピートしたい位大好きなお宿になりました！！"
"女性","20代",5,"お風呂の種類が多く、長風呂が苦手な私ですが沢山入ってしまいました！貸し切り風呂はタイミングが悪く1種類しか入れなかったです。貸し切り風呂の現場に行かなくても、空いているか埋まっているかわかるシステムがあれば便利だなとおもいました。ご飯は夜も朝も美味しくてお腹いっぱい沢山食べて満足しました。係の方の対応も良く良い気分で過ごせました。"
"男性","50代",4,"箱根旅行の宿泊に以前、水の音に何回か宿泊していたことがあり何度かオススメのご案内に雪月花もあり、以前から宿泊したいと思いましたが行くタイミングがなく、今回は会社勤務10年目のリフレッシュ休暇もあり緊急事態の中ご利用させて頂き、ご案内の様に部屋も広く、室内の備品もよく大変リフレッシュ出来ました。特に夕食に河豚が食べれると思わなく大変美味しかったです。また、温泉も良く、体が艶々になり、日頃の体の疲れが取れた気分です。朝食はお魚が美味しかったですが、私は温泉玉と納豆は苦手なので焼き海苔と目玉焼きが有れば良かったと思いました。あと、ベランダのランプの消し方が分からなくて明るく困りましたが、水の音と同じくサービスも良かったのでまた来たいと思っておりますのでコロナで経営が大変ですが頑張って下さい。"
"男性","60代",5,"お世話になったのは３回目です。いつも接客サービスには驚きます。スタッフ間の連携が素晴らしいと思います。今回はそのスタッフの方に気遣いをさせるようなことになり申し訳なく思っております。お心遣いに恐縮しております。食事も風呂も部屋も十分に楽しめました。本当にありがとうございました。またお邪魔させてください。"
"女性","20代",5,"初めてお部屋に露天風呂が付いてるお宿に泊まりました(o^^o)ゆったりとお風呂に入ることが出来て、リラックスのできる旅行になりました。"
"男性","20代",5,"共立リゾートさんは大変お気に入りのため、よく利用しています。雪月花は3度目でした。食事がとても美味しかったです。夕食も朝食も共立リゾートさんの中ではトップレベルだなと感じています。昨年の夏に宿泊したときより、明らかに美味しくなったと思いました。大浴場はサウナも営業再開されていて嬉しかったです。また、炭酸泉に不具合があることをチェックインの時に伺いましたが30分も経たないうちに復旧し何も問題なかったです。にもかかわらず、夕食時、お詫びとしてワンドリンクサービスしていただきました。かえって申し訳ないです。お心遣いに感謝しています。スタッフの方は皆様丁寧で、久々によい宿泊ができました。また利用します。この度はありがとうございました。"
"女性","40代",5,"お部屋も綺麗で、お食事も大変美味しかったです。サービスも、振る舞い酒やコーヒー、夜鳴きそばなど頂き、とても満足しました。岩盤浴も最高で、お風呂も何種類もありますが、個人的には大浴場がとても雰囲気も良く、気持ち良かったです。お部屋のエアコンの効きが悪かったのでフロントに電話すると、遅い時間だったにもかかわらず、すぐにお部屋をチェンジして頂き、翌日スタッフの皆さんから、ご迷惑おかけしましたとお言葉頂きました。<U+00A0><U+00A0>働いている方々のおもてなしの気持ちが終始伝わり、とても気持ち良く、泊まらせて頂きました。また是非宿泊したいです。ありがとうございました。"
"女性","20代",5,"部屋はもちろん、料理もすごくおいしかった。料理は食べきれないほどたくさんありどれもおいしかったです。スタッフも丁寧な対応をしており、、印象が良かった。露天風呂も３つあり、全部入れたのでよかった"
"女性","30代",5,"1年前に利用して、2回目の利用です。強羅駅前で立地も良く、宿のスタッフの方が丁寧で親切です！浴衣の柄を選べるのは女性は嬉しいサービスだと思います！お部屋は古風でオシャレでした！客室露天風呂が付いているのは嬉しいです。夕食は2部制に分かれていて、2種類から選べるプランで、お味も美味しく、量も多いので大変満足です！お風呂も大浴場と炭酸風呂、貸切風呂があるので、楽しめます！大浴場前のヤクルトとアイスやコーヒー、紅茶、夜食のラーメンのサービスは嬉しいです。朝食もご飯のお供になるおかずが多く、ご飯自体も艶々していてとても美味しかったです。友達とのんびりできて大満足の旅行になりました！箱根に行く際はまた利用したい宿です。ありがとうございました＾＾"
"女性","30代",3,"食事も美味しかったですし、対応もとても良かったです。ただ部屋の空調が暑かった。部屋の露天風呂期待してましたが写真のイメージと少し違った。総合的に良かったですが値段を考えると期待よりはガッカリとゆう感じですが、綺麗だと思います。"
"女性","20代",5,"年末GoTo停止直前の宿泊でした。感染対策もされてました。客室露天ついててとてもよかったです（外から見えそうで目隠し精一杯していました）♪部屋もとても綺麗で清潔感ありました。客室露天風呂以外にも貸切露天風呂も大浴場もあってとても楽しかったです！宿にも表示されていましたが、チェックアウト時に結構並んでいたので、お会計は朝食後の事前精算した方が絶対良いです。"
"女性","20代",5,"恋人と宿泊させていただきました。特に印象に残ったことは、夕飯がとても美味しく、また食べたいねと2人で話していました。お部屋もとても綺麗で、家族ともまた宿泊させていただきたいなと思いました。"
"男性","20代",5,"最高でした。貸切風呂お風呂が月が見えたり、星空が見えたりと、しあわせでした。また次も、予約したいと思います。"
"男性","40代",5,"９月に続き２回目の宿泊でした。前回よりまして、楽しめる事が出来ました。特に今回初めて岩盤浴を体験しましたが、1,500円で貸し切りで使えてとても良かったです。小学校低学年の子供でも十分楽しめる岩盤浴でした。車も駐車場が満車でしたが、不自由なく従業員さんによって調整して頂き全く問題なく駐車する事が出来ました。コロナ禍の中でしたが、従業員の皆様のご尽力の賜物に感じます。有難うございました。また、予約が取れたら是非訪問させて頂きたいと思います。"
"男性","40代",5,"彼女の誕生日に思い出として利用させて頂きました。コロナ禍の中でしたが、GoToトラベルの影響もあり平日にも関わらず沢山の人でビックリしました。事前に彼女の誕生日でケーキを頼んでおいたのですが、ケーキとは別に雪月花さんからお祝いのメッセージやプレゼントがあり彼女も大変喜んでました。当たり前かもしれませんが、そんなお心遣いをして頂き良い思い出が出来ました。本当にありがとうございました。今回コロナの感染が増えてきてた時期だったので、私は大浴場に行かず部屋の風呂で我慢しましたが、コロナが落ち着いたら是非大浴場の温泉に行きたいと思います。こんな時期で大変ですが、スタッフの皆様頑張って下さい。"
"男性","30代",5,"お部屋、お風呂、食事どれをとってもとても良かったです。また来たいと思います。友達にもおすすめできる宿だと思います。"
"女性","60代",5,"お部屋も清潔で部屋に付いている露天風呂は古さはありますが…食事も充分過ぎて食べれないくらいでしたお風呂の周囲は回廊になっていて、小さな川が流れて趣きがありました。強羅駅もすぐそばにあり車でない方も便利だと思います22時間ステイのプランにしてゆっくり楽しむ事が出来ました"
"女性","30代",5,"ずっと行きたかった所だったので今回Gotoトラベルを利用して宿泊しました。食事も美味しくお風呂もお部屋も素敵で、スタッフさんの対応もとても良かったです。また是非利用したいと思います。"
"女性","20代",5,"宿についてからの受付の案内や夕食時の説明等、スタッフの方の対応がとても良かったです。36平米の部屋を予約していましたが、空きが出たとのことで無料で45平米の部屋にしていただき、とても落ち着いた時間を過ごせました。お料理も全て美味しく、また行きたいと思います。ありがとうございました。"
"女性","20代",5,"子供が生まれる前の旦那との旅行で利用しました。貸し浴衣を無料や貸切風呂を無料で利用することができ、ヤクルトやアイスのサービスもお風呂前にあって大変満足できました。ご飯も美味しかったです。ぜひまた子供が生まれてからも利用したいと思います。"
"女性","30代",5,"1日3組限定のお部屋で過ごさせていただきました。露天風呂から見える景色は素晴らしく、絶景でした。お部屋も清潔感がありとても綺麗でした。夜ご飯も2つのコースから選べて料理も美味しく大満足です。接客も丁寧でした。ご飯後に夜食としてラーメンがあったんですがとても美味しくて満足です。朝食も和食で健康的な朝ごはんでした。また、利用出来たら良ないとおもいます。オススメ出来るとてもいい旅館でした。"
"男性","40代",5,"この度家族で初めて利用させていただきました。到着時、受付フロアでの対応に少し戸惑いを覚えましたが、無事に部屋に到着すると、まあなんと！部屋から見える紅葉が綺麗で驚きました。そしてそれを眺めながらの露天風呂は最高でした！何度も何度も入りました！温泉だったらなお良い！でもしっかりと貸切温泉露天風呂があるじゃないですか！気持ち良かったですホントに！ただ、宿泊客が多いからか、結構貸切温泉露天風呂は埋まっている事もしばしば…。待てば必ず入れるから大丈夫です！しかも３つあるのでどれかしら空くと思います！そして夕飯に関しては、質、量、味付け、雰囲気、空間など非常に良かったです！ただ、席の問題なのか、時間が２つに分かれており、遅い方の時間は8時からとなる為、少し遅いなと思いました。朝食に関しては、目玉的な物があれば良かったなと思いました。例えば釜飯など。全体的には楽しく過ごさせていただきました。また行きたいと思う場所です。"
"女性","20代",5,"強羅駅前でとてもアクセスしやすかったです。誕生日での利用だったのですが、部屋にプレゼントが用意してあり、とても驚きました。ありがとうございます。お料理の量がとても多く、味も美味しくて大満足でした。貸切露天風呂は時間帯が良かったのか、待たずに利用できました。夜空がとても綺麗でした。出た後に2.3組待機していたので、時間帯によると思います。事前に調べていた以上に、沢山のサービスをして頂き快適に過ごすことができました。是非また利用したいと思います。ありがとうございました！"
"女性","20代",4,"恋人と利用させてもらいました。チェックインの時間に間に合わず、18時半頃に到着すると駐車場がほとんど埋まってしまってどうしようかと思っていたら従業員の方が来て、駐車場に案内してくれました。お部屋はすごく綺麗で、客室露天風呂もとても良かったです。暖簾や目隠しなどもあり、ゆっくり過ごすことができました。客室露天風呂の汚れが気になるとレビューに書いてあって不安でしたが、全然気になりませんでした。ご飯もお腹いっぱいになるほど量がありました。少し気になるところといえば、プランでチェックアウト12時となっているのに温泉が10時までしか利用できないところです。チェックアウト遅めのプランを出しているなら時間を合わせたほうがいいと思います。ですが、それを踏まえてもとても良い時間を過ごすことができたのでおすすめです。"
"女性","40代",4,"気になる点はお部屋が古く、洗面所の天井等にカビがありました。部屋のお風呂のドアの立て付けが悪く寒かったです。しかしながら、掃除自体は隅々まで行き届いていました。また、フロントの方、食事の方、皆さま感じがよく気持ちよく過ごすことができました。貸切露天までの足場にもう少し明かりが欲しいです。雨ということもあり滑りそうで怖かったので。それ以外は料理も美味しく満足です。スタッフの方々ありがとうございました。楽しく過ごすことができました。"
"女性","60代",5,"チェックインが14時から出来て、チェックアウトも12時迄のんびり出来て、接客も丁寧で、コロナ禍での旅行は、どうか？少し心配でしたが、ソーシャルディスタンスもなされ、温泉も気持ち良く大変良かったです。"
"女性","30代",5,"　10年ぶりに雪月花に行ってきました。食事は10年前と比べると良くなりました。量もいっぱいで、食べ切れなかった。お風呂はすべて熱め湯ではなく、ぬるま湯もいくつがあります。熱い温泉に全然入れない子供が持ち我が家にとって、凄い有り難いと思います。子供とのんびり温泉に入れました。子連れにおすすめの宿です。"
"女性","20代",5,"最寄駅から近く、受付のスタッフさんも丁寧に説明してくれてとても良かったです。お料理も美味しく、かなりボリューミーでしたが美味しかったので完食でした。そしてアレルギー対応していただき安心して食べることができました。お部屋に一言メッセージカードとお箸が置いてあり、素敵だなとおもいました。お風呂もゆったり入ることができ、お部屋の露天風呂だけで過ごしましたが、大満足でした！色浴衣も種類があり、選ぶのが楽しかったです。また利用したいと思えるホテルでした。"
"女性","20代",5,"駅から近いことやお部屋の写真を見てこちらの宿に決めましたが、大正解でした！色浴衣や温泉、ご飯全て大満足でした。ホテルの方も優しく、誕生日ケーキや氷等24時に取りにいっても笑顔で対応していただけました。ありがとうございました。"
"女性","20代",5,"客室は清潔感があり、アメニティも充実していました。館内で移動する際に使用できる籠バックがお部屋に用意されており、タオル等がきちんと入っていて、浴場への移動がとても快適でした！客室露天風呂は夜も朝も雰囲気がよく、想像の何倍も素敵でした。貸切露天風呂も入りました。予約不要のため混んでいて入れないかな？と思っていましたが、何度か前を通るたび意外と空いていたので、タイミング次第で3種のうちどれかは楽しめると思います。食事は朝夕2食付きのプランでしたが、どれもボリューム満点。サービスの棒付きアイスやヤクルトもとてもよかったです。全体的な満足度がとても高かったので、また利用したいと思います！"
"男性","70代",4,"強羅駅前で登山電車＆ケーブルカーへの乗車も楽ですし立地条件はベストでした。お部屋は月の庄で５階　中庭を望むお部屋で部屋の露天風呂には簾＆格子戸が設置せれているので夜　明かりを消して露天風呂からの眺めをジックリ堪能　日中は外から見えるのかな〜って思ってもみましたが誘惑には勝てず日中＆夜共に楽しめました。貸し切り露天風呂が３ヶ所有り、空室であれば自由に使え時間制限も無いので此方もお勧めです食事の部屋はゆとりを取って有るのにも関わらず全てのテーブル間に厚手のビニールシートが下げて有りコロナ対策はエアーゾル化した菌も防げる様な対応で満足・安心でした。"
"男性","40代",5,"チェックインからチェックアウトまで、安心して、のんびり過ごせました。感染対策もしっかりされていて、最高な旅をさせていただきました。"
"女性","20代",5,"先日2回目の利用をさせていただきました。貸切露天風呂が利用できたり大浴場、部屋風呂と3回楽しむことができました。ヤクルト、アイスキャンディーのサービスやお夜食のラーメンなどがあり、充実した時間を過ごすことができました。夕食はお寿司にお肉にと盛りだくさんで満足感があります！旅館内も貸出の浴衣で過ごすことがででき、種類もたくさんあって選ぶのも楽しいです。箱根に行く際はまた利用したいと思います。"
"女性","50代",5,"夕食の担当をしてくれた女性は　お若いのに感じ良く色んな話しをしたり　楽しい雰囲気作りをしてくれましたお夜食のラーメンはさっぱり、懐かしいお味で嬉しいサービスでした部屋風呂、炭酸風呂、露天風呂どれも素敵でした"
"男性","20代",5,"総合して素晴らしいお宿でした。お風呂もご飯も大満足です。高級旅館の１つですが、意外と若いお客さんが多くスタッフも若い方が多かった点は少しギャップでした。"
"女性","20代",5,"今回は友達3人で利用させて頂きました！クーポンでカップル割りみたいのを、使えるというので使用しました。夜ご飯もとても豪華でお腹いっぱいになる程の量でした！部屋も綺麗で、ベッド？がフカフカで最高でした！浴衣もたくさんの種類から選べるので、女子には嬉しいかもです！お土産屋さんもとても充実してます。強羅駅から激近なのでとても助かりました！また利用したいです！！"
"女性","30代",5,"連休明けの台風、低気圧で大雨だったので残念ながら絶景最上階プランだったが、景色最高までとは言えなかった。しかし、大雨を心地よいものとしてくれるほどとても癒される宿だった。部屋露天風呂は簾はあるものの、やはり周辺の宿から見えるのは、お互いのために気を付けた方が良いと思う。木の隠し扉でしっかり、閉めることは出きるので良し。何より夕飯の懐石料理が美味だった。素晴らしい味付けのバランスで飽きさせない。また毎日この食事を食べたいと連れも言っていたほど。ベッド周りの少しのホコリと虫の死骸は許容範囲。ベッドはかなり寝心地がよかった。あのマットレスが自宅に欲しい。また必ず行きたい宿でした。ありがとうございました！道が渋滞しやすい。箱根はナビが山道のくねくね道でご認識起こしやすかったのは、悩まされた。平日にゆっくりとお忍びでいくのがベストな気がする。"
"女性","50代",5,"凄く良かったです。女性五人で行きました。全員満足で喜んでいました。また行きたいです残念なのが、コロナのお陰で、サウナが中止だった事だけです"
"女性","20代",3,"食事がなんといっても最高だった。夜はしゃぶしゃぶとお寿司が絶品で、苦しくなりながら食べたくらい、ボリュームもたっぷり。サイトにも記載があるが、温泉上がりにヤクルトやアイスが食べ放題。可愛い浴衣もあってテンションが上がった！しかし、残念な点は部屋の清潔感。まず、部屋の椅子は背もたれの裏がビリビリ。網戸の横が大きく破れていて虫が入り放題。一番嫌だったのは、抹茶を自分でたてて飲むことが出来るセットがあるのだが、前に泊まった人が使用した後洗っていないことが明白な、汚れた状態のセット一式。コロナとか関係なく、これはとてつもなく不快だった。これはほんとに気をつけてほしい。それ以外は良かった。あとは部屋に付いているお風呂だが、私が泊まったところは木が生い茂っていて、しっかり隠れて見られる心配もない部屋だったが、かなり多くの部屋が、ホテル内の通路や外から丸見えになっている。簾があるものの、もしそういった位置の部屋に泊まっていたら、部屋付きのお風呂は入れなかったと思う。お湯を入れるとヒノキの香りか立って、とてもいい香りだったが、これは部屋の場所によりが大きそう。"
"男性","20代",5,"和洋室を利用しました。部屋も綺麗で浴衣も20種類くらいの柄から自由に選べるので女性には嬉しいかと思いました。ただ、コロナで接触を減らしているからなのか、客室まで段差や階段が多いにも関わらずキャリーケースを部屋まで運んでくれない等、少々従業員の対応が冷たい感じがしました。"
"女性","30代",5,"主人とお付き合いしている時から毎年行かせて頂いていました★夢だった結婚して子供が生まれてからの雪月花★やはり最高でした。お食事も美味しくて大満足★温泉も気持ち良かったです。また利用させて頂きます。コロナで大変だと思いますが頑張ってください^_^"
"男性","20代",5,"室内の露天風呂も檜の香りがよくし、リラックスして部屋で過ごすことが出来ました。ご飯も美味しく、量も満足です。チェックアウトも簡単で2日目の観光も楽しむことが出来ました！"
"女性","20代",5,"貸し切り風呂も良かったし、雰囲気がすごく良かった！カップルでまったりのんびりしたい方におすすめ！観光もいいけどホテルで過ごすのに最高の場所です。駐車場が無料だったので車で行きました！夜泣きそば美味しい^_^"
"男性","40代",5,"設備、人、サービス、商品全てにおいて満足感を感じる事が出来る施設でした。コロナ渦の中で客室温泉がうまく機能して大浴場も混雑する事なく安心・安全の宿でした。料理もボリューム・品質的にバランスよく、大人も子供も楽しめる内容でした。最後に一つだけ問題視するとすれば、朝食会場に小さなゴミが散乱していたところでしょうか。朝食時間開始同時に伺ったので昨晩の残りであった様です。チェックアウト後は記念写真も提案され、トータルで満足度高い旅館であったと思います。また、お世話になりたい宿です。"
"女性","20代",5,"客室露店や、貸切露天風呂、温泉は種類が多くとても満足です。食事も美味しく、ゆっくり過ごすにはぴったりの宿です。今回の部屋は少し細かい所に埃やお風呂場に捨て忘れのアメニティがあり、少しびっくりしましたが夫婦でリラックスできました。リピート中の宿です。"
"女性","40代",5,"良かったです。たくさんお宿を探して、ココにして良かったなって思いました。スタッフさんの笑顔も良かったので、また、行きたいです。ありがとうございます"
"女性","30代",4,"パパの誕生日当日に伺いました。予定より10分遅れくらいで到着しました。到着したらすごい雨で、車からなかなか出られずでしたがなんとか荷物と子供たちを運びチェックイン。夕食時間と夕食の確認の際、全く反対のことを言われて驚きました。17時半からで既に先に予約していたのにも関わらずいっぱいですので20時からと言われ、しゃぶしゃぶで予約したのに懐石といわれました、、携帯を見せて違うと指摘すると少しお待ちください、大丈夫でしたすいません、、と。気を取り直しつつお部屋へ。お部屋は広いし外のお風呂も最高で清潔感がありよかったです。夜ご飯も食べきれないほどの量でした。とても美味しかったです。ケーキをお願いしてましたが食べきれないとおもい、部屋に持っていきました。箸のプレゼント、喜んでいました。小さい子がいたため大浴場などは行きませんでしたが、お部屋でとても満足できました。子供がお風呂好きになりました。ありがとうございました。"
"女性","20代",5,"彼の誕生日で利用させていただきました。サプライズでお部屋にお手紙と箸を用意していただき、私も彼もとても嬉しかったです。また、なんといってもお風呂が最高でした。客室の露天風呂は好きな時に入ることができ、貸切風呂も空いていれば無料で入ることができるので、湯巡りを楽しめました。"
"男性","20代",5,"お盆明けに宿泊しました。私個人のイメージとしては、若者が多く、年配な方はほぼ見なかったです。コスパもよく大学生カップル、女子旅に人気かなと思いました。"
"男性","20代",4,"恋人と2度目の季の湯にきました。彼女が1回目で気に入ってもう一度行きたいとの事で今回2度目、お邪魔させて頂きました。ご飯は申し分なく、客室露天風呂がやはり最高でした！のんびりゆっくり出来ました。ですが、部屋がやはり少し汚い。まぁでもそこは目を瞑れるレベルなのでいいですが。"
"男性","20代",4,"恋人との夏の旅行に利用しました。立地が強羅駅の目の前で電車でのアクセスが大変良く、バスも各方面に出ているため車が無くても快適に観光ができました。建物は開業から時間が経っているためかやや傷んでおり、お部屋のお風呂といった水気が多い場所がやや気になりましたが、清掃や丁寧な接客面で補えている範囲かと感じました。夕ご飯は御膳での提供だったので多すぎる事は無く、2人とも苦しくならずに満足できる量でした。そのため食べる量が多い男性には物足りないかもしれません。総合的には大変満足出来る旅館でした。"
"女性","20代",5,"今回はカップルで利用させていただきました。お部屋も2人で泊まるにはかなり広くてとってもよかったです！コロナ禍であったため夜中そばがなかったのが残念でしたが、代替品を美味しくいただけました♪お風呂も広くて色々入れるのが楽しかったです！夕飯の時間に決まりがあるのであれば事前の電話の際に一言教えて欲しかったです。早ご飯のつもりではなかったのでお腹が空いていない状態での夕飯になってしまい残念でした。今までとは時間が違うのは知っていましたが、夕飯の時間帯が選べると書いてあったのでそのつもりだったので、その点に関しては残念でした。チェックインの時間で決まりがあるならそれも記載しておいてほしかったです。"
"女性","30代",5,"恋人と行きました。まずエントランスが広くて綺麗。受付した後は浴衣を選べます、無料です。お部屋も広くて何より敷布団が厚くてふわふわでした。お布団に埋もれて寝れます。夜ご飯は結構量がありゆっくり食べたかったのですが、決められていたので急ぎめで食べないといけないです。緊急事態宣言中なので密にならないよう仕方ないのですが、浴衣で結構苦しかったです。大浴場前にアイスとヤクルトが無料で置かれています今度は緊急事態宣言が終わったら、ゆっくり過ごしたいです。"
"女性","20代",2,"お風呂は種類がありよかったが楽しみにしていた大浴場の露天風呂が42度以上はあり熱くて入れなかった。また部屋とすべての風呂場に蜘蛛の巣や虫の死骸が多くあり虫が苦手な私はとてもしんどかったです。接客も丁寧な人ももちろんいますが愛想のない方も数人いて差が大きかったです。あと朝ご飯の量が多く残してしまいました。全体的にもう少し掃除が行き届いていればよかったと思います。"
"女性","50代",4,"強羅駅から近く、登山鉄道やケーブルカーでの移動に便利です。お風呂場などちょっと古さは感じますが、清掃が行き届いているので、気にはなりませんでした。大浴場の前に時間になるとアイスや乳酸飲料があり、お風呂上がりにはちょうど良いです。夕食（しゃぶしゃぶとお寿司のコース）は量も味もちょうど良かったですが、朝食は量が多くて残してしまいました。（一人なので、特にお櫃のご飯と鍋のお味噌汁は多かった）スタッフの方はお出迎えもお見送りも、館内ですれ違った時にも元気に挨拶をしてくれて、コロナ禍の暗い気持ちが何だか明るくなりました。また、季節を変えて伺おうと思います。"
"女性","30代",4,"今回初めて宿泊しました。フロントの対応とても良い印象です。チェックインもスムーズでお食事の時も丁寧でした。お部屋の清掃も行き届いていて寛げました。大浴場も時間をずらしたらほぼ貸切状態で入れました。夕食と朝食は量もちょうどよかったです。美味しくいただきました。ただ、ひとつ難点だったのが自分達の部屋がフロントとは別の棟でした。移動をするのに連絡通路を通ります。雨が降っていて屋根がありませんでした。(傘はありましたが)あそこは屋根を付けないのでしょうか？屋根があれば、雨の日も最高だと思います。"
"女性","50代",4,"お友達夫婦と美術館巡りをしに強羅を訪れました。スタッフの接客が気持ちよくて滞在中リラックスできました。お風呂やお部屋に置いてあるアメニティなどがもっと充実していればいいなあと感じました。"
"女性","30代",1,"ハイクラス宿ということだったので、両親を連れての家族旅行で利用しました。ハイクラスなので期待していましたが、良かったのは食事だけで、接客・サービス、衛生面が酷すぎました。スタッフの方は大学生のバイトか何かでしょうか。バイトを使うにしても、こちらは高いお金を払って宿泊しています。もう少し人並みに基本的な接客ができるスタッフを用意していただきたいと思います。・駐車場の案内の方が、明らかにこの車は停められないだろうという場所を指定した・夕食受付をしている女性の方が、あくびをしながら受付の机に両肘をつき、後ろの窓ガラスにお尻をあてて寄りかかっていた・スタッフ同士が、近くに客がいるのにも関わらず大きな声で談笑している・部屋に備え付けられているものが接触不良で使えず電話で交換を頼んだが、玄関先で新しいものを手渡してくれれば良いものの、わざわざスタッフの方が室内に入ってきた・夕食の案内がチケットを渡した順番通りに行われない・地元ワンドリンク付きのプランだったが、地元のドリンクが品切れ・大浴場に行く途中のマットがかなり不衛生・大浴場の足拭きマットなどもかなり不衛生　(定期的に交換されているのか不明)宿側の問題ではありませんが、客層が若くロビーやお風呂など公共の場でマナーが良いとは感じなかったので、年配の方はゆっくりと過ごせないと思います。若い方にはいいのかもしれません。強羅駅目の前で外観や趣は良かったですが、正直、品格を全く感じなかったです。今後もう利用する予定はありません。"
"女性","30代",4,"今回も満足出来ました。が、やはりご飯のボリュームがすごいです笑貸切露天がもうすこし綺麗だといいと思います。"
"男性","30代",4,"総合的に満足度は高いです利用期間は２泊３日時期が時期なので観光と言うよりは非日常を求めて、ゆっくり過ごしたくて選んでいます食事は文句なく美味朝食が連泊だとほぼ同じだが文句と言う程でも無し欲を言うなら干物が違う種類だったらめっちゃ嬉しいただ、接客というかテーブルを担当してくれる方によっては時間かかってしまって途中で飽きてしまいます食事中だけどもういらないかな…って気分になってしまったのがとても残念２日目の方はちょうど良いペースで運んでいただけていたので、そういうことなのかと思います折角綺麗で美味しい料理なので勿体ないです２時間以上は長すぎましたお風呂は古き良き温泉を楽しむことができました部屋風呂は温泉ではないが、景色を楽しみながらいつでも入れる利点は大きいです貸し切り露天風呂も空いてさえいればいつでも予約無しで入れるので気が向いた時に行けて良かったですお部屋も綺麗ですし、浴衣も自分で好きな柄を選んで着られるので楽しめました女性用の方が素敵な柄が多いですね全体的に素敵な所だと思いますチェックアウトする際に記念撮影を申し出ていただけたのも嬉しかったですただ、接客の部分で気になる点が多いのが残念でした若い方が多いからでしょうか？偏見的な言い方で申し訳ないですが、研修中の札が付いている方や海外の方の方が素晴らしい接客をされていましたもちろん全ての方ではなく一部の方ではありますそれでも目立つ程度にはいらしたので強羅行くならここ！という感じではありませんが選択肢の一つにはなるかな、といった印象です"
"女性","50代",4,"お食事がとても良く、特にデザートが美味しかったです。朝食はもう少し明るい照明にして頂けると良いと思います。雨の日でしたが、写真も撮ってくださり、良い記念になりました。"
"女性","30代",5,"旦那の誕生日旅行でお世話になりました。客室付露天風呂のお部屋を予約したのですが、部屋も広く、露天風呂に入れるレモンまで用意されており、大変満足しました。また、何よりも大浴場の温泉が最高。宿泊中に5回も入りました。貸切露天風呂はなかなかチャンスがなかったのですが、早朝5時に行くと入れて満足しました。そして、食事ですが夕食、朝食共に美味しかったです。担当してくださった女性の方の素敵な笑顔が忘れられません。現在妊娠９カ月だったので事前にお伝えしておいたところ、食事では生物の代わりの物、ノンカフェインの飲み物等、徹底した配慮をしてくださり本当に感謝しかありません。旦那も終始笑顔で大変満足そうでした。子供が産まれる前、夫婦だけでの最後の旅行で雪月花さんを選んで本当に正解でした。素敵な思い出をありがとうございました。今度は、子供と三人でお世話になりたいです。"
"男性","20代",3,"ご飯は美味しく、量は多過ぎだと思います。雨の日でした。炭酸泉の湯の屋根が大きな穴があって満足に入れませんでした補修くらいしてほしい。貸切風呂は道がかなり険しいので注意。"
"女性","40代",5,"お部屋のお風呂が気持ちよく何度も入ってしまいました。大浴場の露天風呂も広くて気持ちよかったです。食事はしゃぶしゃぶにしましたがお肉の量が多く食べきれませんでした。夜鳴そばもおいしかったです。駅の目の前で便利なのでまた利用しようと思います。"
"男性","50代",4,"施設は老朽化というほどでは無いが、それなりの経年劣化はあるけれど清潔に保たれています。高級旅館やホテルのおもてなしとは異なりますが、若いスタッフ中心にホテル全体が合理的に考えられて、宿泊客主体のサービスが行き届いていると思います。"
"女性","30代",4,"彼の誕生日のお祝いで利用させてもらいました。綺麗なお部屋に美味しい食事(夕食、朝食)、スタッフの方の対応も良く、男女共に浴衣を選べるところも嬉しかったです。お祝いプランではこちらの想像以上の気配りをして頂き、素敵な思い出になりました。"
"女性","20代",4,"駅から近かったのが良かったです。部屋やお風呂も広く、風呂上がりのアイスキャンディーサービスも良く、コスパ的にも満足いくお宿でした。知人が箱根に行く時はお勧めしようと思います！"
"女性","20代",2,"主人の誕生日でこちらの宿に泊まりました。チェックインの際に案内もなくどこへ行けば良いのかわからなかった。また、受付の女性スタッフがお局感が強く他のスタッフに厳しいと感じた。忙しかったからかわからないが、顔を見ずPCを触りながら、お越しくださってありがとうございますと言われてとても嫌な気分になった。誕生日とのことで良い部屋を用意してくれているとおもっていたが部屋に付いている露天風呂は緑のカビだらけ。汚すぎて入れなかった。部屋風呂が汚くて入れなかったので大浴場へ行ったが、洗面台などが汚く虫も多いし掃除されていない印象。食事はそれなりにボリュームはあったが内容的には普通。誕生日や記念日で行くと嫌な気分になると思います。用途によって部屋を考えて欲しかったです。無料の乳酸菌飲料やアイス、夜鳴きそばは良いと思うので若いカップルが少し高いお金だして泊まるくらいならちょうど良いのではないか。なぜ評価が高いのかわかりませんが主人の誕生日で本人も嫌な思いをしたしこちらもせっかくのお祝いが嫌な気分になりました。それなりに高いお金を払ってのこれなのでもう2度目はないです。"
"女性","60代",4,"駅からすぐの旅館で行きやすく、温泉がたくさんあって気持ちのいいお湯で炭酸泉のお湯もあり最高でした。食事も季節の物で桜えびとしらすの釜飯が美味しかったです。またゆっくりとした時間を味わいたい時に登山電車に乗って行きたいと思います。"
"男性","20代",4,"強羅駅目の前に立地していて、観光するにはとても便利です！館内も基本的に綺麗で清潔、部屋には客室露天風呂もある。バストイレ別で、部屋もなかなか広いです。部屋での不満を強いて挙げるとすれば、トイレと洗面台が離れていることですかね。部屋の手前と奥に配置されているので、トイレ後の手洗いが多少面倒でした。客室露天は線路を挟んだ先にホテルが見えましたが、目隠しもあって問題なく楽しめました。ただし客室露天は温泉じゃないので温泉必須の方は注意です。大浴場はもちろん温泉でなかなか寛げて、湯上がりにはアイスや乳酸菌飲料があって良かったです。唯一の難点は、大浴場に行くのに外に出なきゃいけないことですね。屋根がある屋外通路ですが、冬は辛いかなと思いました。貸切風呂はちょっと期待外れでした。ちょっとした山道を登った先にある山小屋が貸切風呂な感じです。正直あまり綺麗ではなかったので、利用せずに引き返しました。まあ、部屋露天があるので問題ありませんでしたが。朝夕食も美味しく、スタッフの方にも優しくしていただいたので、総合的には満足です。"
"男性","60代",4,"初めての箱根だったので２連泊させて頂きました。初日は生憎の雨に降られて早めにチェックインしたのですが、皆さん同じ思いで多くの方がチェックインを待たれていました。スタッフの方もカウンターやテーブルなどフル回転で手続きをしておられ比較的待ち時間も短くチェックインできました。妻にエステを予約していたので、すぐに伺いました。エステやマッサージも人気のようで、夜中まで予約で埋まっていたようです。翌日は晴れていたのですが、風が強くロープウェイや芦ノ湖遊覧船などは午前中で運休やコース変更が行われたようです。私たちは早めに出発したのでどちらも乗ることができました。散策は強風の中でしたが、初めて訪れた場所なのであまり気にならなかったです。夕食は種類を変えて頂き、お肉の日と魚の日両方楽しめました。貸し切り露天風呂もあったのですが、混んでて早朝に利用できました。久しぶりに夫婦でゆっくりとした時間を過ごせました。有難うございました。"
"女性","50代",2,"記念の旅行でとても楽しみにしておりました。カテゴリーもハイクラスということで、綺麗で清潔なお宿を期待しておりましたが、実際に伺いますと、お部屋がまず清潔感がなく枕カバーには誰のものかわからない汚れが2か所ありました。お願いして枕カバーを交換していただきました。すぐに交換してくださりありがとうございます。お忙しいとは思いますがお掃除でもう少しでもよいので清潔感の感じられるお部屋にしていただけたなら、幸いです。お部屋はほこりの塊がみられ全体にほこりっぽく、壁紙はがれておりシミもたくさんでした。楽しみにいていた滞在が悲しい気分になってしまいました。。お部屋のお風呂はカビが無理なのと、ゴミが浮いていたので入ることができませんでした。おおらかな主人もさすがに入れませんでした。水回りの清潔感がないのは本当に無理なので温泉も悲しかったです。。お部屋の空調は全館空調ということで感染症対策という点では少し心配な点もありました。いろいろ勉強になった滞在でした。たまたま今回予約させていただいたお部屋は他に空きがなくここになりましたが他のお部屋はきっと清潔で素敵なお部屋なのだと思います。きっとたまたまだと思います。そう思いたいです。全体的には悲しい思い出になってしまいましたが食事のレストランのスタッフさんは感じの良い方でお食事の時にはふとリラックスできました。ありがとうございました。桃のジュースがおいしかったです。"
"女性","20代",4,"3年ぶりに伺いました。お部屋も過ごしやすく、リラックス出来ました。お風呂付き部屋ものんびり入浴できました。また再訪したいです！"
"女性","20代",4,"宿泊者の雰囲気としては若めのカップルが多かったように感じました。お部屋のお風呂や大浴場、貸切露天風呂の沢山のお風呂温泉が楽しめたので満足です。プラス料金で岩盤浴も楽しめました。"
"男性","50代",4,"強羅に桜満開の頃，訪問しました．室内はいつもの共立リゾートの雰囲気．夕食，朝食も外れ無しで満足．夜鳴きそば（ラーメン）会場は盛況．大浴場は広くゆったりで湯温もちょうど良い．個室の露天風呂はぬるめ．洗い場がない事が欠点．湯船のお湯は入れ替えられないため，先客と入れ替わって入る時にはちょっとためらいも．今回は30日前予約プランで宿泊料金の割引がありました．全体のサービスから，割引前の料金であれば「ちょっと高めの設定」という感じでした．"
"男性","60代",3,"部屋が、2階でしたのでベランダに風呂があるのに、外から眺められそうなので、入ることできませんでした。コロナ禍のなかでしたので、お客さんがすいているかと思いきや混雑でした。流石に人気のホテルです。大浴場は、クラシックな感じでまた炭酸泉の風呂も感じ良かったです。家族風呂は、空いてないので入れませんでした。平湯温泉の深山桜庵は、毎年利用してますが、雪月花もまた利用したいです。"
"女性","30代",5,"ここにして良かったです！大満足！！客室露天風呂はもちろん、貸切風呂も3種類あって、とても楽しめました！！陶板焼きのコースにしたのですが、油が多くて要らなかったかも…wwでも他は全部美味しかったです！！浴衣やアイスなどのサービスも楽しめました！！"
"女性","50代",4,"コロナ禍で少し躊躇しましたがどこも万全な対策をしているとの事でお気に入りの宿に泊まりました。前はお出迎えや充分過ぎるほどのもてなしでしたがこのご時世人減らしをしているのかなと思わせる接客でした。部屋は満足でしたが相変わらずバスタオルを持ってお風呂に行くために新しい物が一回しか使えないのは残念です。お食事は目でも楽しませる感じで美味しくいただきました。ありがとうございました。"
"男性","60代",4,"妻と2人で宿泊しました。貸切露天風呂、大浴場、部屋の露天風呂、全てのお風呂を利用しましたが、いずれも大満足でした。客室は広くて良かったのですが、部屋の中にある座椅子が滑って使い勝手が悪くて、ゆっくり寛ぐことができませんでした。夕食は牛しゃぶしゃぶをいただきました。野菜、お肉ともたっぷりあり良かったのですが、60歳を過ぎた夫婦には、その後に出てきた天ぷらとお寿司が多すぎました。前菜も十分あったため、しゃぶしゃぶの後は天ぷらかお寿司のどちらかで十分でした。朝食は和食と洋食の選択があれば良かったです。日頃和朝食を食べない我々夫婦は、朝食をかなり残してしまいました。全体的にはお薦めの旅館です。"
"男性","50代",4,"久しぶりの旅行で泊まりました。食事の種類が多く食べきれないほどの量でした。大浴場は何度も使いましたが貸し切り風呂は低学年の子どもには少しワイルドでしたので使いませんでした。アレルギーの対応も声掛けしてくださり安心出来ました。お部屋の露天風呂は結局使いませんでした。次は道路側でない部屋をお願いしたいと思います。"
"女性","40代",4,"ハイクラスと書いてあったので楽しみにしてました。和風のホテルで雰囲気もよかったのですが、夜眠りにつこうと思ったら枕元の上の棚みたいなところに、カピカピになった使用済みのコンタクトがあったのでショックでした。寝床周りの掃除がきちんとされていないというこですよね。。。夜泣きそば、かまぼこ、乳酸菌飲料、アイスキャンディー、珈琲紅茶が無料だったのはとても嬉しいサービスでした。それだけに清掃の不備はとても残念でした。"
"女性","20代",4,"露天風呂でのんびりできました。また、お部屋も綺麗でしたし、ベットが低く寝心地がよかったです。コンセントがもう少しあると便利だと感じました。また、朝夜とご飯は美味しかったです。量は多いように感じました。皆さん笑顔で丁寧に接客して頂けました。また行きたいです！"
"女性","20代",4,"雪月花さんには2回目の宿泊1回目に泊まった際は祝日で人も多く従業員さんも対応に追われてる感じで正直大満足ではなかったのですが食事とお風呂が良かった印象があり再度宿泊させていただきました^_^今回は平日だったこともあり前回ほどの混雑は無く、ゆったり過ごせました♪お部屋も清掃が行き届いており、お風呂も食事も文句なしでした(о´∀`о)共立グループさんは大好きで水の音、月の宿沙らも何回か泊まっています^^又是非伺いたく思います"
"女性","60代",4,"早めに着きましたが　お部屋にお通しして頂き　大きなヒノキ風呂にお湯を溜め早速入らせて頂きました。とっても気持ち良かったです。貸し切り風呂も大浴場もとても良かったです。コーヒーやヤクルトのサービスも嬉しかったです。夕飯はすき焼きとお寿司5種類選びましたが　作り置きしたのか　カチカチで食べれなかったです。お席も荷物置きがなく狭い席に通され、旅一番の楽しみの夕食は少しがっかりしました。係の方も事務的でした。"
"女性","50代",3,"お正月に別邸の方に宿泊し　同じ共立リゾート系列だったので伺いました。高齢の父と一緒だったので余計に感じたのですがお部屋の作りが一段降りてトイレだったり　お部屋に椅子がないので座りにくかったりと不便を感じました。椅子はお電話したらすぐに持ってきていただき感謝しております。あと、女性風呂の脱衣室の冷水器が故障中とのことでしたが　休憩室にある様なお水を置いていただきたかったです。館内着がとても考えられた作りになっていて売店で買ってきてしまいました。Lサイズは完売で残念でした。"
"女性","40代",4,"以前に娘が泊まりとても良かったと聞いて決めましたが…フロントもコロナ禍と言う事もありあっさりした感じで夕飯は選べるのがとても良かったですが朝食は人がいないのか忙しそうで中々声をかけづかったです。部屋の露天風呂は良かったけれど…何か全体的にあっさりしてるホテルだなと言う印象が残ってしまいました。"
"女性","20代",5,"色々な温泉があり、部屋にも檜風呂があってとても良かったです！朝食、夕食があまり美味しいとは思えなかったです。22:30-23:30までの間だと、ラーメンを無料で提供してくれてました。旅館としての雰囲気はとてもよかったです！"
"男性","40代",4,"箱根旅行で初めて宿泊した宿が雪月花さんです駐車場の案内も丁寧で迷うことなく駐車できました。フロント受付の説明は、簡潔にまとめた案内でしたが、しっかりとコロナ対策をしています。従業員の方は動きも良く笑顔も素敵でしたよ。ただ、欲を言えばもう少し余裕を持ってお皿を下げるなり、間をもっと大切にして欲しいと感じました。お風呂は、部屋にも露天風呂があり大満足です。泊まってよかったと思える宿でした！次に宿泊する時は、従業員の皆様のレベルアップを期待しています。"
"女性","30代",3,"何度か利用したことがあり、接客・お風呂ともに最高だったのでGOTOを利用し贅沢を。と思ったのですが、チェックインから混み合っており、従業員さんの対応は流れ作業。※忙しいので、仕方ないかなとは思いますが、もう少しスムーズにしてほしい。また貸し切り露天風呂は空いていれば何度でも入れるのは魅力的ですが、温度はぬるく寒かったです。また入り口に使用中か判断出来るライトがあるのですが、それぞれの内鍵を閉めたらランプがつくよーで先に人が歩いているのをわからずそのまま空室かと思い向かうとすでに使用中になってる？ってことがありました。少し分かりづらいので改善してほしいです。大浴場の温泉はやっぱり気持ちがよかったです。夜鳴きそばやヤクルトのサービスがありなんだか得した気分になれるのでこのまま続けてもらえると嬉しいです。"
"女性","40代",4,"家族旅行でお世話になりました。一番印象的だったのは、接客が素晴らしい！！！どの従業員の方も笑顔で丁寧に対応していただき嬉しかったです(^^)お風呂は大浴場の脱衣所が小さめでロッカーも少ないので混み合うと順番待ちになります。食事は量も十分でテンポ良く運んできて下さいました。お部屋で残念だなと思ったのは、角の壁紙がけっこう剥がれていたり、ゴミ箱の一部が剥げているのに使用してされていたたことと、布団のマットレスがかなり汚れていて、しみもありました。敷き布団をのせてしまえば見えませんが、見えない所への配慮もあるともっと良いのかなと思いました。全体的には満足です！スタッフの皆様、お世話になりました。ありがとうございました。"
"女性","30代",4,"ハイクラスですが部屋はなかなか年期が入っていてふすまなどが古いなぁーと思いました布団もカバーのしたにシミが見えてちょっと不快でした和洋室で部屋の作りはよかったのですが、ホテル好きだとちょっと苦手に感じるかもしれません。食事は最初少ないかな？と思ってましたが、その後たくさん出てきて満足でした。温泉はとっても濃厚？？といいますか。とっても気持ちよかったです"
"女性","50代",4,"立地が駅近で、電車で行きやすい場所です。私は車でしたが。コロナ対策もされていました。露天風呂、貸切風呂、炭酸泉と、お風呂が楽しめて、温泉好きには最高です。部屋の露天風呂は温泉ではありませんが、贅沢気分が味わえます。ただ、お風呂を流してから溜めようと思うと、微妙にシャワーが届かず、、、。gotoトラベルを利用したので、通常より、や安くとまれたが、通常料金は少しお高いかと思いました。"
"男性","20代",4,"とても温泉を楽しめた。温泉が部屋に露天風呂、別の場所に貸し切り露天風呂、大浴場、炭酸風呂の4つの温泉があり、ローテーションしながら楽しめた。"
"男性","60代",4,"ゆっくりできて最高でした。また、食事も良かったので選んで正解。部屋に露天風呂があり妻も喜んでいました。"
"男性","30代",4,"彼女の誕生日記念に利用しました。一言で言うと本当にいい宿でした。部屋も綺麗で従業員の方々の教育もしっかりされている印象を受けました。大浴場はコロナ禍ということもあり敬遠することも考えましたが、夜遅い時間（私は23時頃）に大浴場に行った所、部屋は満室でしたが全室露天風呂付きということもあるためか大浴場は貸し切り状態だったため時間を避けて利用するのもいいと思いました。大浴場は源泉で中の雰囲気もすごく良かったです。ほとんど気になることはないのですがあえて上げるとすれば3点あります。・夕食時に食べたお皿を片付けるのが早過ぎる→次々と料理を提供しないといけないため、空き皿を片付けて頂けるのはありがたいのですが、食べて片付けやすいように通路側に寄せたら2、3秒で「お下げしても宜しいですか？」と聞かれるためなんか煽られてる気がしました。しかし外国人の店員さんも真面目に一生懸命やっているのが分かりましたのでそこまで気になることではありませんでした。・夕食時、朝食時の案内待ちの時→夕食時は順番に並んで何人かのホール係が席まで案内をしてくれるのを待っているため。また朝食時は受付をしたあとにロビーで待って、呼び出されるのを何人もが待っていたので少し密度が高い状態と感じました。・無料ドリンクコーナーの種類が少ない→無料のため文句は言えないですか、ホットコーヒーと冷たい緑茶、水の3種類しかないため子供連れの方々も沢山見られたことからもお子さん向けのジュースを1種類置かれるのもいいのかなと感じました。しかしいずれも特に気になる程ではなく、それ以上に他の点が良く、また行きたいと感じさせて頂いたホテルが更に良くなればと思い書かさせて頂きました。"
"女性","60代",4,"特に館内の設備、食事の時間など、丁寧に説明してもらえてわかり易かった。どれを頂いても美味しかったただ、一人旅だったので、朝食のご飯がおひつ、お味噌汁が大きな鍋というのは女性には多いですお風呂は貸切風呂もあり、ゆったりと入ることが出来ました。"
"女性","30代",5,"お食事も豪華で美味しかったし、お風呂もお部屋も綺麗だったので夫婦で大満足！観光地へのアクセスも便利だし、夜鳴き蕎麦や乳酸菌飲料のサービスもあったり、お陰様で楽しい記念日を過ごすことが出来ました！前々から泊まってみたかった宿だったので思い切って予約して正解だと思ってます。予約が取れればまた利用したいです！よろしくお願いします。"
"女性","40代",3,"口コミで料理が美味しいと評価が高かったので一泊ですが夫婦で利用しました。全体的に古いのかなと思いましたが部屋は綺麗で良かったのですが部屋についているお風呂の床がカビだらけ、しかもギシギシと凹み危ない。大浴場と貸し切り風呂に行きましたが貸し切り風呂はぬるすぎて寒くて入っていられず。コロナ対策はわかりますが大浴場も窓が開けてあるので寒くて体や髪を洗うのに鳥肌。お風呂は全般的に不満ですが料理が美味しいと思いましたが席に案内されてから中々お品書きの説明に来ないので食べられず待たされ火を通す物が多々あるので煮えるまで待たされドリンクとアルコールを注文しましたがそれも中々来ないので残念。料理の味や量は満足しました。無料の夜食ラーメンのサービスも良いと思います。ただ値段の割にはどうかなと。期待しすぎたかも。"
"男性","20代",4,"あっという間に時間が過ぎ、1泊2日で利用しましたが客室露天風呂が心地よくほとんど露天風呂を堪能していたような気がします。立地は最寄り駅より近く、電車で来る人には最高の立地条件だと思います。フロントでの手続きは、コロナ対策ということもあり手続きは短く簡易的なものでした。早く部屋に行って、休みたい人には都合がいいかもしれませんね！また、フロントで案内されますが、浴衣が何種類かあり、旅館の中でみんな同じ格好ではなく自分の好みでチョイスできるので女性にとっては嬉しいサービスかも。。。食事は朝・夕共に美味しい料理が堪能できて満足でした。ただ、一品ずつの量は多くないですが、色々な料理が出てくるので少食の方にはきついかもしれないですね。施設内は、清潔感があり好印象でした。所々に趣があり情緒を感じられ旅行に来てる感じがしてなんかワクワクできる感じでした。大浴場もとても良い感じでした！雰囲気もあり、日本のお風呂っていいなってしみじみ感じられる良さがありました。利用日は、あいにくの雨で露天風呂は使用しませんでしたが、晴れだったらと思うとちょっと悔しい思いでした。風呂上り後は、通路にヤクルト？のような飲み物が無料で置いてありいい配慮だと思いました！個人的には、自販機にコーヒー牛乳やフルーツオレのようなものが有ればいいなと思います。その他気になったことは、世の中の禁煙ブームや健康増進法の影響もあるせいか喫煙所が入口のところに１つしかなく泊まる部屋によっては遠く不便に感じるかもしれないですね。ただ、雨が降ってる時は喫煙所の位置がずれ雨に濡れないような配慮があり、素晴らしい対応だと感じました！色々書かせていただきましたが、利用して後悔ない旅館でした！また利用したいと思います！"
"女性","30代",4,"毎年恒例12月に泊まっていましたが、今年は12月に臨月となることもあり、早めに利用しました。食事処とかはソーシャルディスタンスがもっと徹底されてるかと思っていましたが、テーブルの並び等特に変わりはなく使用後の消毒のみと感じました。消毒は施設内あちこちにありましたが、あまり利用客が使用している様子は見られませんでした。お風呂も厳密な人数制限がされている訳ではなくロッカーの使用できる数が減らされているくらいで、あとは利用客に任せている感じを受けました。入り口で検温をされ、チェックインの紙を渡されましたが、その際に手指消毒を促してもいいのでは…？と思いました。チェックインカウンターも代表者様一名ではなく、二人、三人で行われている様子もあり、アナウンスしないのだろうか？と思いました。浴衣も誰が触ったかわからないのはちょっと気になりました。柄ごとにわけて置くことで選ぶ際に触る必要はなくなるのではないでしょうか？食事等は、生物とかの配慮を依頼していたので安心して美味しく頂きました。朝食の際に、緑茶を出されたのですが、食事の生物配慮を見て、カフェインももしかして控えていますか？ノンカフェインのお茶があるので、よければそちらを用意しましょうか？と男性店員さんから声をかけて頂き、茜茶を出して貰えたのは大変嬉しかったです。"
"男性","20代",4,"フロント付近の浴衣の貸し出しや、大浴場付近のアイス、ドリンク、アメニティもかなり揃っていて満足しました！少し残念なところがベランダに虫の死骸があって、掃除していないのかな？と疑問に思ってしまいました。それ以外は大変満足で朝食、夕食共に値段以上の価値がありました"
"女性","20代",4,"お部屋もとても綺麗で、ご飯も美味しかったです。Gotoで安く泊まれて良かったです。ただ、浴衣が少し生臭い？感じがしてそこが残念でした。"
"女性","20代",4,"4連休中だったこともあり宿泊客（同じくらいの年齢層の方）が多い印象でした。接客に関してあまり細かいことに気にしなければすごく良いお宿だと思いました。夕食の量がとても多かったです。"
"女性","20代",5,"GoToを利用して宿泊しました。平日だったこともあり、大浴場はほぼ貸し切り状態で入れました。貸し切り風呂は待っている人が多く、今回は利用を諦めましたが、部屋に露天風呂がついていたため、そちらでのんびりしました。目の前が民家であり、やや人の目は気になりますが戸を閉めれば問題ありませんでした。お部屋もきれいで、食事も味、量ともに満足でした。また機会があれば利用したいです。"
"女性","40代",3,"お部屋はベッド　２台、　お布団　２対で　４人で　広々できました　内風呂があり　心地よかったです　　食事が　とても　美しく　且つ美味しく　ボリューミーで　おなかも　大満足でした　有難うございました"
"女性","20代",5,"5人のグループ旅行で利用させていただきました。部屋も布団を引いてもスペースがあるくらい充分な広さで、お食事もとても美味しく贅沢な朝夜を過ごさせていただきました。夕食時のフリーワンドリンクが若干薄く感じましたが、フリーだったので仕方ないかなというくらいです。夜食に夜鳴きそばでラーメンも食べることができたりお風呂も二ヶ所あったため朝と夜で違った楽しみがあり満足です！"
"女性","50代",3,"以前同じグループの他の旅館に宿泊し、とても良かったので、その時より倍くらいのお値段（今回は露天風呂付きの為でもあるが）だったので、期待し過ぎたみたいです。作務衣や選べる浴衣お風呂用のカゴ、無料のドリンクやラーメン、予約無しの貸切露天風呂など、良かったです。お部屋の露天風呂も温泉ではないけどヒノキの香りで癒されました。旅館の入り口は豪華ですが、渡り廊下や露天風呂やその周りなどは老朽化や傷んだままの景観が残念過ぎ。夜はどこもかしこも薄暗いので、そういった物があまり見えないですが、脱衣所の棚の扉も壊れていたり、浴室の清掃がイマイチだったりとハイクラスのカテゴリーになっていたので、残念でした。薄い小さな座布団や、ぺちゃんこな枕が一つだったりお値段考えると安っぽかったです。夕食は多すぎなくらいで良かったです。ただ近くのテーブルに乳幼児が2人いて食事の間中泣き叫んでいたのが辛かったです。広い食事処なのでお子様連れとエリア分けしてもらえたらお互いに気持ち良く過ごせるのでは？"
"女性","30代",2,"共立グループが大好きで、よく利用しています。まず、駐車場がとても狭く案内の方がいないため車種により停めるところを調整されていないため大変でした。小型や軽自動車が余裕のある広めの場所に停めてしまっており、我が家の自家用車では空いている駐車場に停めることが出来なかったからです。予約の際、交通手段だけではなく、車の車種まで確認して駐車場の調整をされるべきではないかと思います。またじゃらんの宿紹介のページに大浴場、貸切露天風呂はオムツの取れていない子は使用不可と記載して欲しいです。また、女性大浴場の脱衣場にベビーベッドがありましたが、オムツの取れていない子は大浴場使用不可なのに何故？と疑問です。部屋の露天風呂はとても気持ちよく入ることが出来ました!夕食は子供がグズり席を立って歩きに行ったりしてる間に鍋の火が消えてしまっていた所、テーブル係の外国人スタッフさんが燃料はいりますか？と再度火をつけて下さり温かい鍋を食べることが出来嬉しかったです。朝食は味が濃いしょっぱい系のおかずが多くこだわりがないかな？と思い不満に付けました。清潔感はやや不満とさせてもらいましたが、貸切風呂の足ふきマットが定期的な回収がないため使用済みのものが山積みになっており、不衛生だと思ったからです。夜泣きそばの時間の際1口ビールが無料提供されており夫が喜んでいました！他の共立グループと比べると全体的に劣っているかなと思ってしまいました。GoTOキャンペーンで安く泊まることが出来たので利用しましたが、通常料金では払って再度泊まりたくはないかな？と思います。"
"男性","30代",4,"Gotoを使って１泊２日で利用しました。宿ごもりをしたくて15:00〜チェックイン、12:00チェックアウトのプランにしました。フロントの接客、部屋、食事、風呂はとても良かった。ただ、夕食のシステムが分かりずらかった。自分たちについてくれた担当の人が声が小さくて周りの賑わいにかき消されてしまっていた。貸し切り風呂までの道のりは険しかったです……雨だったてのもありますが………Gotoで割引されていたから利用したが通常の料金だと自分たちには高すぎると感じた。それが贅沢ってことだと思う…(笑)"
"男性","60代",3,"強羅はにごり湯だと勝手に思い込んでいました。お風呂に入った時少しがっかりしました。夕ご飯はいたって普通、朝ごはんも普通。の割に代金は高いので２回目はありませんね。"
"男性","40代",3,"夫婦で1泊利用しました。スタッフの方々の接客がとても丁寧でした。食事はボリューム満点で美味しくいただきました。飲み放題プランで、地酒も沢山いただきました。ただ館内各所に於いては、経年劣化や不衛生な点が多く見られ残念でした。フロントから月の庄と言う客室棟へ渡り廊下を渡って移動しましたが、渡り廊下のビニール製の屋根がかなりの劣化で破れ落ちていたり、サビや黒ずみで汚かったです。廊下は、沢山のお客さんがキャリーバッグで擦ったのであろうと思われる擦り痕や壁紙の破れがそのまま。エレベーター乗り口の天井エアコンは、埃だらけ。部屋は、エアコンが壊れていて冷風が出ないため、交換して頂きました。貸し切り露天風呂『観月』を利用しました。脱衣場には使用済みの足拭きマットが無造作に山積み、檜風呂が売りだと思いますが、湯舟もだいぶ劣化が進んでおり、縁は朽ちて削り落ち全体的に黒ずんだお風呂で、入るのを躊躇しました。何より囲いの羽目板が一枚完全に外れており、風呂から客室が見えているので焦りました。開業から14年、経年劣化は仕方ないと思いますが、施設のメンテナンスはあまりされていない様で、スタッフの皆さんの細やかな対応が良いのに、もったいなく感じます。"
"男性","50代",4,"温泉宿として共立グループさんは、細かい所まで目が行き届いてると毎回感心しております。各地の温泉地に行く時は共立グループさんの宿を第一候補にしてます。これならも貴社の繁栄をお祈り致しております。"
"女性","20代",3,"今回60分飲み放題が特典でついてくるプランを利用させて頂きました。前半の回で予約しており、受付時間が17:30~18:00だったのですが、会場に着いたのが18時数分前とぎりぎりでした。案内係の方に""テーブル係の者が来ますので、お待ちください。""と言われたので、しばらく待ったのですが、中々来られず。料理の説明をすると言っていたので待った方が良いかと思ったのですが、中々来ないので食前酒に手をつけたとこでやっと来られました(10分近くは待ったと思います)。そこで飲み放題の最初のオーダーをして3杯ほど飲み物を頂いたのですが、全部食事が終わってからテーブル係の方に""最後の飲み物だけ有料になります。チェックアウト時に精算してください。""と言われました。その時は退出時間も大幅に過ぎており(次の料理が中々出ず、待たされました)、後半の回の会場の準備が始まっていたので、ここで色々言うと他のスタッフの方の仕事を邪魔してしまうかと思い、そのまま部屋に戻りました。飲み放題開始の時間は明確に言われた訳ではないですが、だいたい最初にオーダーしたらスタートかとは思うので、私達も時間をみながら3杯目の飲み物はラストオーダーのつもりで注文してました。もし1杯目の注文の時間に関わらず、勝手に飲み放題開始となっていたなら開始時間を言っておいて欲しかったですし、時間が過ぎていたのなら、最後の飲み物を注文した際に、飲み放題の時間が過ぎて有料となる旨を説明して欲しかったです(過ぎていたとしても数分だったとは思いますが)。チェックアウト時にこのことを伝えようかと思いましたが、精算の際は請求されることがなかったので、何も言わず、こちらの感想にて書かせて頂こうと思いました。夕食も朝食もボリュームがあって美味しかったですし、お風呂も色々あってとても良かったのに、その1点だけでとても気分の悪い思いをしました。結果、飲み物代金は請求はされていないので、不利益を被ることはなかったですが、テーブル係の方のその一言がなければ満足のいく旅だったと思います。あと温泉ですが、月曜日は消毒の日？らしく、どのお風呂も朝は10:00までとなっているみたいです(他の曜日なら11:00まで入れるお風呂もある)ので、これから行かれる方は日程を決める時の参考にして頂ければと思います。"
"男性","40代",2,"以前から気になっていた有名なこちらの宿に宿泊しました。【良かった点】・フロント、部屋、風呂、食事処どこも清潔でした。・湯上がりの乳酸菌飲料、アイスの無料サービスは良かった・部屋は清潔かつ露天風呂が良かった【悪かった点】・スタッフ接客態度が良くありません。ヤンキー歩きは有り得ません総じてコスパ的には高めに感じました。割高に感じます。"
"女性","30代",3,"箱根で人気の宿に泊まってみようと思い宿泊させて頂きました。建物、お部屋などは古い印象がありましたが味もあり良かったです。お部屋は程よい広さで2人で泊まる分には良かったですが、所々壁紙が剥がれていたり、ホコリがあったりしました。大浴場はお風呂の温度も抜群で寝湯や瞑想の湯、サウナ、露天風呂などなど沢山あり楽しめました。食事の方はコロナの時期に仕方がないですが、天ぷら、焼き魚は出来たてが食べたかったのが本音です。デザートの黒米アイスはとても美味しかったです。人気の宿と言う事もあり、若いカップルや家族連れも多く賑わっていました。外に喫煙所があったのですが玄関付近で煙草を吸われてるのは印象はあまり良くないですね。お部屋などから、食事場もお風呂も遠かったように感じました。チェックイン前の荷物預かり、スタッフの方々の対応などはとても気持ちが良いものでした。お世話になりました。ありがとうございました。"
"女性","20代",4,"あいにくの雨でしたが、種類豊富な貸切露天風呂はとても楽しめました。ご飯に関してですが、給仕のスピードが早く、客の食べるスピードなどは加味されてないんだな…と常に焦ってご飯を食べている感じで落ち着きませんでした。また、お茶などが空になっても気付いてくれず、何度も自分から話さないといけないのが値段の割に…と感じました。"
"女性","60代",3,"露天風呂付きの部屋に泊まりたいと思い宿泊しましたが、部屋は綺麗ですが、少し古く、カビ臭いと思いました。"
"女性","20代",4,"ご飯がボリューミーで美味しかったです！お風呂も沢山あってリラックス出来ました。お部屋は少し狭く感じました、、。"
"女性","20代",5,"彼の誕生日が近かったので前日に予約しました！入り口のお迎えの若い女性の方、寒い中頑張っていました！！フロントの男性の方の案内が淡々としており笑顔がなくうーんってなりましたね。ですが、お部屋に入ってからはお箸が置いてあり、彼も喜んでおりました！！ありがとうございます！！夕食はしゃぶしゃぶにしました！美味しかったです！朝食は正直、いまいちでした。ごめんなさい。ほとんど残してしまいました。夕食の時の案内係の方々とても気持ちよく接客してくださいました！彼もここのお宿が気に入ったみたいなのでまたお邪魔します！！"
"女性","30代",4,"結婚記念として予約させてもらいました。その旨を予約時に伝えた所お部屋に手紙と夫婦箸が置いてありました！とても感動しました！お部屋もゆったりと出来ましたが、客層が若い方が多かったのでちょっとうるさかった様なきがします。若い方向きだとおもいました！お風呂は普通でした。夕食はちょっと量が少なく感じました。朝食はいまいちでしたね。夜食で夜泣きそばが無料で食べれたのがとても良かったです！"
"女性","40代",4,"年末年始に泊まりました。ほぼ、満室だったようで、食事が来るまでに少し時間がかかるのが、気になりました。夜食はいつもはラーメンのようでしたが、年越しそばになっていました。朝食は、お節料理で、家ではなかなか食べない物もあり、美味しかったです。部屋のお風呂は半露天風呂でしたが、扉がすんなり開かないし、閉まらないしで、入りませんでした。外の貸し切り風呂は少し熱めで、体が慣れるまでが大変ですが、湯冷めしませんでした。炭酸泉はぬるく、そそくさと出てきました。暖かくなったら、また行きたいと思います。"
"男性","60代",3,"強羅駅の真前で登山電車、ケーブルカーの利便性は抜群。そして、館内から温泉へ回遊路にて結ばれ、多彩なお風呂を楽しめました。過ぎたはずの紅葉がホテル園内の赤葉でライトアップ映えしてました。"
"女性","30代",1,"1泊5000円のビジネスホテルならいざ知らず、正規料金で親2人＋子供1人で55000円は高すぎると思いました。以下の3点から子連れにはおすすめできません。夕食時間夕食が17時半、20時開始の2パターンのみで、予約段階では選べません。16時ごろチェックインした時には17時半〜夕食は全て満席でした。「予約はできずチェックイン順」とメールに記載がありましたが、私達より後にチェックインした家族連れが「17時半から食事だから…」と言っているのを聞いて不信感が募りました。ちなみに158室の旅館で食事開始時間が2パターンしかないので入場の列待ち必須です。不潔古くて染みができていたり破れていたりするのは仕方ないですが、汚いです。安居酒屋のように、清掃の行き届いていない印象を受けます。フリードリンク台のお茶の注ぎ口は茶渋で茶色く変色し、男性大浴場の更衣室にアンモニア臭がしました。女性風呂にも髪の毛がたくさん浮いています。アメニティ…コロナ対策として風呂場のアメニティが撤去されており、代わりに渡されたのはビジネスホテルや飛行機の中で渡される真空パック詰された簡素なアメニティ1つでした。温泉旅館にきて1度しかお風呂に入らないことを前提としているのでしょうか……。風呂場のシャンプーとリンスも質が悪く、髪の毛がバサバサになりました。今まで色々な旅館に行きましたが、ビジネスホテル以外でこんな経験は初めてでした。前回共立グループの「米屋」に宿泊して大変よかったので期待していましたが、がっかりでした。大学生や中年以降のグループ旅行ならよいでしょうが、家族連れにはお勧めできないと思います。"
"女性","50代",2,"今回、一人旅で利用させていただきました。事前に口コミを見て、楽しみにして行ったのですが、期待外れでした。特に残念だったのは、到着して部屋に入ったところ、床に髪の毛が何本も落ちていて、どこを掃除したんだろうと思う状態でした。カーテンもカビていて何となく気持ち悪かったです。食事は夕食、朝食ともなんとなく落ち着かない感じでいただきました。ひとり旅の客がもう少し周りを気にせずに食事ができればと思いました。期待していただけに残念でした。"
"女性","30代",3,"接客面では問題無く、対応は良かったです。サービスの面では、朝ご飯は9時15分までにとの事で9時頃行きました。席に着いて、料理の説明を受けて食べ始めて直ぐに、納豆やご飯、味噌汁のおかわりは終了ですがいかがですか？と聞かれましたが、時間内に食べに行って直ぐにおかわりは終了って対応には早過ぎてビックリしました！お風呂も10時から掃除との事で入れず。チェックアウトは11時なのだから、チェックアウトしてからお掃除じゃだめなのかな？炭酸泉は入れるとの事ですが、炭酸泉って温泉のお湯なのかな？温泉に入りに来てるのだから、その辺りは改善して頂きたいです。夕食は選べるとの事でしたが、もう一つのお料理は完売したとの事で選べずでした。それならば、完売して選択できない事もあると予約する時に説明書きが欲しかったです。サービス面の改善お願いします。"
"女性","30代",2,"Gotoキャンペーンも始まって早速！と思い久々に旅行ができるし、彼へのプレゼントも兼ねてカップル向けのプランがあるこちらにとっても楽しみにしてお邪魔しました。雰囲気もよく、スタッフさんも丁寧で、食事もボリューム満点でした。浴衣のサービスに外国人の彼も喜んでいて、お部屋のお風呂も小ぶりだけど風景を見ながら楽しめました。3つある貸し切りの露天風呂を楽しみにしていたので、朝5時からのオープンに合わせて早起きして向かったら既に満室で、少し待ってみようと外で待っても誰も出てこず、、、1時間以上経っても出ないのは流石におかしいなとフロントに行ってみたらなんと満室のランプだけついていて誰も使用していませんでした。1時間以上外で待った私たちの時間ってなんだったの・・・・。早起きした意味は？？10月の箱根の朝はもう冷え込んでいて浴衣にサンダルだったので、末端は冷えるし入ったら露天風呂なのに湯船はぬるいしでここには本当がっかりでした。決して安くないお宿でそれを売りにしているはずなのになんで？？が正直消えません。ご丁寧に謝罪頂きましたし、帰りに菓子折り頂きましたが菓子折りとかそういう問題ではない！彼は怒ってもいませんでしたが、プレゼントに行ったので私はなんとも残念な感じが残った旅行になりました。"
"男性","60代",3,"ここのところ出かけると雨に降られることが多いので、今回は濡れずに行ける温泉を探してみました。当日、やはり雨に降られ、強羅の駅から1分もかからないこの宿にしてよかったなと思いました。ただ、強羅駅に近いせいか、月曜日なのに宿はお客さんでいっぱいでした。人気があるんですね。部屋の風呂も清潔感にあふれ、ゆったりと入ることができました。炭酸温泉も、大浴場も風情があり、お風呂はよかったですね。また、マットレスの固さが程よく、よく眠れました。夕食は、季節の懐石料理と和牛のしゃぶしゃぶを選べるようになっていました。私たちは懐石料理を選んで正解でした。でも、和牛の柳川鍋は脂身が多くて残してしまいました。この宿は若い人が多いので、料理も若者向けなのかもしれませんが、食べ物を年寄りにも配慮していただけるとありがたいです。"
"男性","60代",2,"風呂付の客室ですが浴槽が漏れていて普通のコーキング処理していました。しかも一部はがれていました。ガッカリです。"
"女性","20代",5,"カップルで利用しました。夕食朝食はメニュー豊富で美味しく、スタッフの方もとても親切に対応していただきました。12時チェックアウトだったため、ゆっくり過ごせました。またコロナ対策も行われており、安心して過ごせました。強羅駅から徒歩1分で立地も良く、また利用したいです♪"
"女性","30代",3,"数年前に訪れた時よりも質が落ちていると思いました。受付の方々はとても良い印象でしたが、部屋の隅には埃があり、家具など塗装が剥げており古びた印象でした。夕食の時に接客された方がとても不満そうで雑でした。説明も不十分でした。選べる浴衣も生地がゴワゴワしていて着心地がよくなかったです。お風呂も露天の湯船の温度が温く寒い印象です。数年前の時から人気でハイクラスですが、今のままであればもう行かないです。"
"女性","30代",3,"外観はお洒落な雰囲気で高級感を感じていました。その為か残念さが際立ったのだと思います。気になった点は２点。１点目は、予約不要の貸切露天風呂です。3箇所中１ヶ所が空いておりラッキーと思いました。しかしボディーソープ等が置いておらず。風呂に入る前には体を洗いましょうというポスターもあるのに。内線でフロントに確認したところ「そのポスターの意味は体をお湯で流すという意味で皆さんそうやって入っていると思います。」と言われました。不衛生さを感じ入浴は止めました。特にコロナもありますしあまりに適当な対応かと。ボディーソープを置くのがベストかと思いますが難しいようなら使用前に部屋のボディーソープで体を洗ってからの入浴を案内すべきではないでしょうか。2つ目は夕食です。お品書きと実際のメニューに使われている食材が違いました。違うのであれば事前に断りを入れるべきではないでしょうか。何も案内はありませんでした。あんなに違うのならお品書きを置く必要はないと思います。天婦羅が出てきましたが揚げたてではなく作り置きしたような冷めたものでした。その他のメニューは美味しかったです。良かった点は。チェックアウト後には旅館入り口で写真を撮ってくれました。慣れているのかとても綺麗ないいバランスの写真ですごく感心しましま。強羅駅からすぐなのでとても利用しやすいところです。雰囲気がいい旅館なのでとても勿体ないです。ぜひもっと素敵な旅館にしていってください。"
"男性","80代",3,"部屋の空調が安定せず、室内調設装置の設定温度は入室の折から２７度にセットされておりましたが、暑すぎたり、寒かったりの繰り返しでした。また、客室入り口いわゆる玄関のライトが点灯せず、フロントに連絡したが、返事だけは良かったのですが、宿泊中には、点検もしてもらえず、暗いままで我慢でした。お料理は、残念ながら私の舌に合わなかったのか？味付けがいまひとつ不満に感じられました。刺身のカンパチ、鰈のあられ揚げ、小柱のかき揚げなどは極めて美味であり、牛肉は、恐らくＡ５級の素晴らしさでした。それだけに、残念に感じております。風呂上がりの乳酸菌飲料や食後などのコーヒーのサービスは、うれしい限りで、堪能させていただきました。今少しの気遣いがあれば素晴らしい宿になるものと感じております。"
"女性","20代",3,"宿泊して感じたことをレビューさせていただきます。夕食時、案内係の男性の接客はとても良かったのですが食べている時間よりも食事を待っている時間の方が長く、20時開始で22時過ぎまでかかりました。。同じくらいの時間に来た他のお客さん達は食事を終えてどんどん退席していくのでおかしいなとは思っていました。食事処が22時までなので片付けが始まるとガチャン！とものすごい音が、、案内係の男性が注意に行ってくれたみたいですが、え、まだ居るの？という会話が聞こえてくる始末。私達も終わりの時間ギリギリまでいるつもりはありませんでしたので、とても嫌な気持ちになりました。1人でたくさんのお客さんを案内されていて大変だとは思いますが、料理の提供時間や出す順番を考慮して従業員配置を見直した方が良いのではないでしょうか。食事はとても美味しかっただけに残念です。部屋の敷布団のシーツに髪の毛がついていました。部屋のお風呂のヒノキ床の緑カビが気になりました。大浴場内の洗い場が汚く、衛生面も少し気になってしまいました。大浴場前の乳酸菌飲料もむき出しのまま置いてあってコロナ対策もあまり重要視されていないように感じました。温泉は気持ちよかったのですが、所々不快に思ってしまうことが多かったです。"
"男性","30代",2,"朝食や部屋の感じや綺麗さは全く問題なかったが、17時チェックイン予定で少し早めに着いただけで、いきなり17時からの夕食にされてお腹が減ってないから、遅くしてほしいという事も言ったのに協力してくださいの一点張りで大変悲しい気持ちになった。結果夕食を半分以上残し、お腹が減ってない時に食べさせられる夕食程不快なものは無いと実感しました。ちなみに遅い時間の席がなくなると言われましたが、早い時間の方が満席でした。"
"女性","20代",2,"数年前に恋人と利用した際に全般的にとても良い印象を受けたので、今回久しぶりの家族旅行の宿泊先として楽しみにしながら伺いました。しかしながら、数年前のおもてなしとは格段にレベルが落ちており、4名で13万円と高くない料金を払っているなかではとても残念でした。大変好きなお宿でしたが、もう二度と利用することはないと思います。特に食事中の接客が夕・朝食ともに大変不快な思いをいたしました。・4名宿泊であるのに対して、前菜等の準備が2名分しか用意されていない席に座るよう案内され、「2名分しかありませんが大丈夫ですか。」と伺うも「こちらです」と通されしばし着座。その後、やはり席が誤っており、移動を促される。・食前に注文したドリンクがなかなか運ばれず(席にもお冷等の飲み物はなし)、乾杯などもできぬまま、最初に出された前菜等を食べ終えたあとにドリンクが運ばれてくる。・えらべるお寿司が含まれるコースでしたが、品書きに書かれているのどぐろはメニューの中には記載されておらず、選ぶことができませんでした。・4名に対してしゃぶしゃぶ用の鍋は1つきりで、容量を踏まえても2名が限界でしたので2人ずつで先にしゃぶしゃぶを食べて、もう2名は待つなどこちらで配慮せねばなりませんでした。・汁椀もすべて半分以下しか量が入っておらず、適正量なのであれば、椀を小さくするなど工夫されたほうがよいかと思いました。・朝食時も魚を焼くための網が2人分しかなく「4名ですが大丈夫ですか」と伺うも、「大丈夫です」と案内されましたが、1枚ずつしか焼けず、燃料も尽きてしまったりと不便でした。2名の場合に1人1つ出しておられるのですから、ご面倒でも人数分だしていただくのがよいと思いました。(前述の夕食時のしゃぶしゃぶの鍋に対しても同様です)また、部屋付の露天風呂のお湯が貯まらず浴槽を確認すると、モルタルのシールが剥がれてしまっており、入れるだけ出てしまうという状態で利用することができませんでした。貸切風呂を使わせていただいたり、チェックアウト時にお詫びのお品を頂戴するなどご配慮いただきましたが、その際別の宿泊者の方も同じような対応を受けていましたので、他にも同様の事象が発生しているのだと思いました。清掃時等で把握できるものと思いますので、事前に対応されるべきではないでしょうか。"
"男性","50代",1,"お世話になりました。温泉宿で一番大事なこと、私は接客だと思います。恵まれた立地条件や施設を生かすも殺すも接客態度次第、夕食も接客態度次第で、美味しくもつまらなくもなります。今回は夕食で、周りのテーブルには次々と料理が運ばれて来るのを目にしながら、自分達のテーブルには担当者すら来ない、いつも温泉宿で楽しみにしているお酒のオーダーも伺いに来ない、こんな虚しいというか、それに気付かないフロアマネジメントに対する残念さ、こんなに放置されたのは初めての経験であり、今回は特に結婚記念日を祝しての旅行だったので正直悲しくなりました。立地条件や施設は恵まれしもの、簡単には変えられない、でも接客は従業員の教育と個々の努力次第で時間はかかったとしても改善可能なものではないでしょうか？、どう思いますか？"
"男性","30代",1,"彼女の誕生日でバースデープランで行きました。予約後電話が来てどーゆうタイミングでなんのケーキをなんて打ち合わせしました。いざ、当日夕食後デザートお持ちしますってさーくるか？ってなってましたが来たのは普通のアイスとゼリーでケーキなんか来ない！部屋戻ってから電話が来て忘れてました　これから部屋に持っていきますってそーゆうこと？違うなぁーと思って断りました。せっかくの誕生日にと思って行きましたがまぁー残念でした。忘れるぐらいならそんなプラン作らない方がいい。"
"女性","30代",1,"母との旅行で利用しました。・まずお部屋に鏡はひとつだけで、全身鏡は無かったです。タオルを干せるタオルかけはありません。金庫は使いにくい。・貸切風呂の場所が分かりにくい。あとはとにかく残念なことばかりでした。・お部屋に用意されていたの履物(草履)のうち、ひとつがサイズが大きめで足に合わないものでしたので、取り替えられますかとフロントに電話しました。しかし返ってきたのは「サイズはどれもほとんど同じですので…」という返事。ですが実際ふたつの草履のサイズは違っていて、勿論足にも合っていません。何よりもそんな言い訳のような返答をまず貰うとは思いませんでした。仕方なくその大きな草履を履いてフロントへ行き、改めて交換をお願いしたら、やはり履物を見て「あっ」という顔をされていました。・コロナ情勢下でもありますので「食事処の席と席の間はどのくらい開いていますか」と事前にメールで尋ねました。それに対して「当館のお食事席でございますが、お席同士の間隔は椅子1〜2つ分でございます。お食事数に制限をさせていただいたり、お席の間にビニールカーテン等での仕切りを作らせて頂いております」とご返答をいただきました。しかし夕食時、案内された席と隣のお席との間には、ビニールカーテンはおろか何の仕切りもありませんでした。仕切りがあるなら安心かなと思ってこの宿を選んだのにと、失望しました。・接客も宿泊のお値段とは全くと言っていいほど釣り合っていませんでした。特に夕食時はバイトの延長感が拭えない接客をされました。食事処の出入口にいたスタッフさんは無愛想な挨拶に加えてパソコンから顔も上げず…。「コロナ下だから」ということではなく、接客に対する意識が低すぎると感じました。唯一の救いは、予約していたマッサージを担当してくれたスタッフの方々の対応がよく、いいサービスが受けられたことです。母も喜んでくれました。それが無ければ、星ひとつも付けたくありません…。もしもこの口コミに宿からの返信があるなら、履物の件のときのような言い訳でないことを望みます。"
"女性","40代",3,"何回か挑んで夕食を早い時間にしたかったけど、今回も早い時間にチェックインできたのに、夕食は遅い時間しか空いてない、、、。仕方ないのでもう雪月花は合わないのかなともおもいはじめてます。でもマッサージの夢物語さんの方は対応もよくそこだけ訪れたいくらいでした。相手の気持ちになって接客してくれる姿は素敵でした。"
"女性","20代",2,"共立リゾートの系列ということでこちらの宿を選ばせて頂きました。まず夕食ですが選べる2種類と記載があるのに、当日チェックインした際にもう片方は満席ですのでということで選べませんでした。お部屋の露天風呂もなんだか清潔感がない感じがして、シャワーの水圧もかなり弱かったです。誕生日ケーキをお願いして、夕食の最後に持ってきてもらったのですが、その時もテーブルのお皿や食べかけの食事が残った状態のままでしたので、タイミングというものを考えていないのかな？と疑問に思いました。共立リゾートさんなので期待して行きましたが、期待しすぎてしまい残念な気持ちになりました。"
"女性","30代",1,"GOTOの効果もあって、平日なのにとても混んでました。チェックインは列に並んで順番待ちをするところから始まります。少し早めについても「15時までお待ち下さい」と言われ、またそのころに再度列に並び直します。夕食は17：30〜18：00の第一部か20：00〜20：30の第二部どちらからか選ぶのですが、第二部を選び7分前に食事処に着いたところ、また列に並ぶことに。10〜15分以上待たされてやっと着席。今度は案内係に「係の者が参られます。少々お待ち下さい。」「参られますって。。。何だその日本語」と思いつつ、席で待ったのですが、他の席で席係の方が料理の説明をただ順番にしていただけだったので、先に始めてたところにやってきて、やはり他の席同様、食事の説明と選べるお寿司と選べるおかずの説明を受けましたが、外国籍の方だったので、選び方や書き方などがほぼ解りませんでした。お品書きもあるので、食事は先に始めていていいと思いますし、料理の説明をする為だけにわざわざ待たせるのはサービスではありません。朝食も、7時30〜9時15分までの好きな時間に行けるはずなのに受付してから10分近く待たされ、着席後も食事が出てくるまで更に5分以上待たされます。食事の内容ですが、夕食のしゃぶしゃぶは美味しかったですが、他の料理はかき揚げは冷めてベチョットしてるしお寿司はシャリが固くネタも新鮮とは言い難いものでした。朝食は鯵の干物も半身で質素だし、味も普通です。お味噌汁は、出汁が効いてません。因みにお風呂のロッカーは鍵のかからない壊れてるもの多数。壊れてる上、ロッカーの数も少ないので混雑時はロッカー待ちをする羽目になります。大浴場の露天風呂はどうやら壊れていたらしくそのアナウンスがチェックアウト後だというのも如何なものかと思います。炭酸泉も壊れていたのでしょうか。お湯の循環がされてないようで垢だらけで物凄く汚かったです。お部屋のハズタオルはタオルの間に髪の毛がは挟まっていてドン引きです。値段の割に施設の設備も料理もサービスも全てにおいて良くなかったというのが最終的な印象です。これまでハイクラス宿には何度も宿泊してますが、サービスも料理もハイクラスの名に相応しくどのホテルでも待たされた経験が皆無だったので、こちらの対応には驚きと共に呆れました。"
"女性","30代",3,"年層が若く、子どもがロビーや食事処ではしゃいでいる。それを注意しないスタッフさんに疑問を感じた。ゆっくりと旅行に来ている空気は、味わえない。食事も、大家族と一緒の半個室？みたいな所に通され、うるさくて食事に集中出来なかった。お風呂は貸切もあり、良かったが、また行きたいと言う気持ちにはならない。"
"女性","20代",5,"キレイなお部屋で、客室露天風呂も最高に気持ちが良かったです！お風呂もたくさん種類があって、1日では足りないくらい充実していました。お部屋にはお抹茶セットがあって2人でお菓子を食べながらゆっくり堪能いたしました。素敵な思い出ありがとうございます！"
"女性","20代",3,"グループの系列ホテルに何度か宿泊したことがあり、安心感を持って予約しました。こちらも夜鳴きそば、アイス、乳酸飲料、コーヒーなどサービスが充実していました。男女ともに好きな浴衣を選べるところが良かったです。外観がいかにも温泉宿という感じで、浴衣で写真を撮るのも良いです。スタッフさんも感じが良く、雰囲気も良かったです。貸切露天風呂は中を見たらちょっと怖くてやめてしまいました…。月が出てればまた違うと思いますが、暗いのと少し汚いのが気になりました。お部屋のお風呂はプライベート感があって良かったです。完全露天ではなく、窓に囲われていて景色は見えないです。御殿場アウトレットが近いので、その帰りに利用しました。ギリギリまで買い物をしてしまったので遅い到着になってしまいましたが、早めにチェックインしてゆったり過ごすのがおすすめです。"
"女性","20代",5,"平日に行きました。2回大浴場の露天風呂に入りましたが、貸切でした。景色も温泉もよく、朝ごはんは豪華でした！夜鳴きそば、ワクワクして楽しかった！"
"男性","20代",4,"お風呂は種類も多くてとてもゆったり入ることができました！客室露天風呂もきれいにされていてよかったです！"
"女性","30代",3,"露天風呂は良かったです。部屋がかなり狭くて古く感じたので残念でした。ソファーも2人で座るとかなり狭く感じました。"
"男性","20代",5,"温泉、部屋ともに大満足です。予約する際に誕生日で利用と記載したら部屋にお祝いのハガキとお箸が置いてあり、驚きました。貸切露天風呂も三種類あり、私たちはタイミングが良く二種類の露天風呂を楽しむことが出来ました。星空も見えてとても旅行を楽しむことが出来ました。"
"女性","20代",5,"露天風呂付き客室で、とても良かったです。接客対応もすごくよく、心地よかったです。室内も綺麗で、温泉巡りもできました。何も言うことありません！！またぜひ利用したいです！最高でした！！"
"女性","20代",3,"素泊まりで行きました。フロントの方の対応は声が小さく、聞きにくく、ウェルカム感は感じられず残念。お部屋は広くて、露天風呂付きで最高。サービスの夜鳴きそばと、ヤクルトと、アイス無料なのがうれしい！炭酸泉は狭い。貸切露天風呂は3つあるうちの1つが壊れてて、実際2こ。宿泊者数に対して、お風呂2個じゃ、何時に行っても空いてなく、タイミングよくなくては入れない。大浴場は洗い場はたくさんあっていい感じだが、サウナは停止中。露天風呂は外が見えるわけでもなく、ぬるめ。記念日デートで全てに期待していただけに、残念でした。2泊しようと思っていましたが、1泊で帰宅です。"
"男性","40代",3,"箱根の旅は久々でした。強羅駅から近く、徒歩1分。立地はいい感じでした。素泊りプランて予約をしましたが、やはり食事をしたいと思い宿へ問い合わせしましたが、GOtoキャンペーンで宿泊者が多いのか予約は取れず。近隣の食事処の紹介もなく自力で探しました。この点は、もう少し寛容に対応頂けたら良かったかと思いました。施設や部屋に関しては、残念でした。他の方のレビューにも書いてあり、少し心配してましたが…あらあら。まず部屋の掃除が不十分と感じました。埃の塊が落ちていたり、網戸に埃がベッタリでした。お忙しいとは思いますが、もう少し力を入れたほうが良いと思う。部屋付き露天風呂は、はっきり言って汚く思います。経年劣化を言い訳には出来ないほど、板が外れていたり、コーキングで補修した箇所は剥がれ落ち無残な設備に見えました。ベランダの床板も底抜け状態の箇所もあり、流石に客が宿泊するのに、これは無いと思います。改善されれば又行きたいと思いますが、直ぐのすぐには直らないかな？"
"女性","30代",4,"作務衣は胸元にボタンがついていたので安心。朝ごはんはどれだけでもお米が食べれるんじゃないかと言うくらいおかずがたくさんあった。別料金のみかんジュースもおいしく頂いた。お風呂は22時くらいに貸し切り露天風呂へ行った。時間も遅かったこともあってか、マットがすべて使用してあり、新しいものがない状態だった。近く（隣）の貸切風呂から余っている未使用のマットを半分ほど持っていった。こういう事は旅館側にやってもらいたい。"
